,smiles,pce_1
0,[nH]1c2cc([se]c2c2c3cocc3c3cccnc3c12)-c1scc2cc[se]c12,2.43780626660984
1,c1sc(-c2cc3c4c[nH]cc4c4ccc5=C[SiH2]C=c5c4c3c3=CCC=c23)c2[se]ccc12,0.9996318903631816
2,c1sc(-c2cc3oc4cc5ccc6=CCC=c6c5cc4c3c3cscc23)c2sccc12,3.28478961164024
3,c1ccc(nc1)-c1cc2c3cocc3c3c4c5c[nH]cc5ccc4c4=CCC=c4c3c2s1,1.6553590742359794
4,c1sc(-c2cc3[se]c4c(c5c[nH]cc5c5cccnc45)c3[se]2)c2cc[nH]c12,1.8159584617394804
5,c1sc(-c2ncc(s2)-c2ccc(-c3scc4cc[nH]c34)c3cscc23)c2[se]ccc12,3.912710954357304
6,c1sc(-c2cc3c(ccc4cscc34)o2)c2ccoc12,2.531499309440994
7,[nH]1c2cc(ccc2c2sc3cccnc3c12)-c1scc2ccoc12,1.7454448548180173
8,c1cc2[s]-c3c(-c2cn1)c1cCcc1c1ccncc31,2.917729132990188
9,[nH]1c2ccsc2c2ncc3cc(cnc3c12)C1=CC=C[SiH2]1,2.621497672332392
10,[nH]1c2ccc3cscc3c2c2sc3cc(-c4scc5nccnc45)c4c[nH]cc4c3c12,4.327200915298995
11,c1ccc(-c2cc3c4nsnc4c4c([se]c5ccc6nsnc6c45)c3o2)c2c[nH]cc12,5.393398535631096
12,c1cc2[se]c3c4CC(=Cc4c4c[nH]cc4c3c2s1)c1ccc[se]1,1.805180430296229
13,[nH]1ccc2[se]c3c([se]c4cc(-c5ccco5)c5cscc5c34)c12,2.695675016125477
14,[nH]1ccc2sc3c(ccc4cc(sc34)-c3cccc4nsnc34)c12,5.774877618093908
15,[nH]1c(cc2c1c1[se]c3ccc4nsnc4c3c1c1=C[SiH2]C=c21)-c1scc2[SiH2]C=Cc12,5.994787280924159
16,[SiH2]1C=Cc2oc3c(c12)c1nsnc1c1cc(-c2ncncn2)c2c[nH]cc2c31,4.769719237621182
17,[nH]1c2cc(-c3cccc4=CCC=c34)c3cscc3c2c2c1c1CC=Cc1c1ccccc21,1.606407494959864
18,[nH]1ccc2c3cocc3c3c([se]c4cc(-c5scc6sccc56)c5c[nH]cc5c34)c12,1.7459003843138776
19,c1sc(-c2ccc3c(c2)c2=CCC=c2c2c4cnccc4c4cscc4c32)c2occc12,2.9759937568243804
20,c1ncc(s1)-c1ccc(-c2ccc(-c3scc4[nH]ccc34)c3nsnc23)c2c[nH]cc12,3.713535242639262
21,[nH]1c(cc2[SiH2]c3c(ccc4cc[nH]c34)-c12)-c1scc2C=C[SiH2]c12,0.5777671725689847
22,[SiH2]1C=Cc2oc3c(ncc4cc(sc34)-c3cccc4nsnc34)c12,6.862489297463373
23,[nH]1ccc2[se]c3c(c12)c1=C[SiH2]C=c1c1cc(-c2scc4ccoc24)c2=CCC=c2c31,2.0754137600304854
24,[nH]1ccc2sc3c4[SiH2]C(=Cc4cnc3c12)c1ncncn1,4.887309123039368
25,c1sc(-c2cc3c4cocc4c4c(oc5ccc6cscc6c45)c3o2)c2nccnc12,6.968768358395859
26,c1sc(-c2cc3[se]c4c5ncccc5oc4c3o2)c2C=CCc12,2.479486622811637
27,c1cc2c3cscc3c3c4ncc(cc4c4cocc4c3c2[se]1)-c1nccc2nsnc12,9.37518569931628
28,c1ccc(-c2cc3c4nsnc4c4c(sc5ccc6=CCC=c6c45)c3cn2)c2=CCC=c12,4.43516711867538
29,C1C=Cc2cc3sc4C=C(Cc4c3cc12)c1scc2C=CCc12,1.7662872827469602
30,c1sc(c2C=CCc12)-c1cc2c(c3ccccc13)c1cnccc1c1=C[SiH2]C=c21,3.835169302507543
31,c1ccc([se]1)-c1cc2[se]c3c(c2c2c[nH]cc12)c1=CCC=c1c1ccc2cscc2c31,2.282210348823793
32,c1sc(C2=Cc3c(C2)c2cc4c(ccc5ccccc45)cc2c2nsnc32)c2ccoc12,4.290758349697242
33,C1C=Cc2c1c1sc3cc(sc3c1c1ccccc21)-c1cccc2cocc12,2.706684482179094
34,[nH]1c(cc2[nH]c3c4cnccc4[se]c3c12)-c1cccs1,1.2060287165545225
35,[nH]1ccc2c3nsnc3c3c(cnc4cc(-c5ccco5)c5nsnc5c34)c12,4.305394116593995
36,c1sc(c2[SiH2]C=Cc12)-c1cc2c(ccc3ccccc23)c2cocc12,2.108735917549062
37,c1ccc(nc1)-c1cc2[se]c3c(cnc4ccc5cocc5c34)c2[se]1,2.853023499122611
38,[nH]1cccc1-c1cnc(s1)-c1ccc(-c2ccco2)c2c[nH]cc12,1.858160839257464
39,[nH]1ccc2c3nsnc3c3c([nH]c4cc(-c5cccc6cscc56)c5=C[SiH2]C=c5c34)c12,1.923583934782312
40,[nH]1c(cc2ncc3c(c4cocc4c4ccc5c[nH]cc5c34)c12)-c1cccc2nsnc12,5.779405390187639
41,c1ccc(o1)-c1ccc(s1)-c1sc(-c2scc3[se]ccc23)c2[nH]ccc12,3.26428465172707
42,c1cnc2c(c1)[se]c1c2ncc2cc(-c3cccc4=C[SiH2]C=c34)c3nsnc3c12,7.447159611763681
43,c1sc(c2[SiH2]ccc12)-c1ccc(-c2ccc(cc2)-c2cccnc2)c2c[SiH2]cc12,4.13679732337346
44,[nH]1c2cc3C=CCc3cc2c2c1cc(-c1cncc3nsnc13)c1=CCC=c21,5.3120844902770905
45,c1sc(C2=Cc3c(C2)c2[se]c4ccc5c[nH]cc5c4c2c2=C[SiH2]C=c32)c2occc12,2.0067069735800818
46,C1C=Cc2c1c1[se]c3cc(ccc3c1c1ccccc21)-c1cncc2nsnc12,8.472741075163562
47,c1ccc(o1)-c1sc(-c2sc(-c3ccc[se]3)c3ccsc23)c2ccoc12,4.156466166359936
48,c1ccc(o1)-c1sc(-c2ccc(o2)-c2scc3[SiH2]ccc23)c2ccCc12,2.263170136552711
49,[nH]1ccc2c1c1oc3cc(-c4cccc5=CCC=c45)c4ccccc4c3c1c1=C[SiH2]C=c21,1.3785848286212286
50,c1ncc(s1)-c1cc2c([se]1)c1sc3ccc4=C[SiH2]C=c4c3c1c1=CCC=c21,0.0
51,c1cc2CC(=Cc2o1)c1cc2ncccc2o1,2.026396218232584
52,c1cc2c(cn1)c1[se]c3C=C(Cc3c1c1ccccc21)c1cccc2c[nH]cc12,2.280129675177712
53,[nH]1c(cc2[SiH2]c3c(cnc4cc[nH]c34)-c12)-c1scc2sccc12,1.5511921653241867
54,[nH]1c2ccc3c[nH]cc3c2c2ccc3cc(-c4scc5cc[se]c45)c4cscc4c3c12,1.6343617652270763
55,c1cc2c3cscc3c3c4sc(cc4c4cocc4c3c2s1)-c1cncs1,4.218876306503344
56,c1sc(-c2ccc3c(cnc4c5ccccc5cnc34)c2)c2[se]ccc12,2.84148356289865
57,c1ccc(cc1)C1=Cc2c(C1)c1ncccc1c1c[nH]cc21,1.0529213155005548
58,c1cc2sc3c4oc(cc4c4cocc4c3c2o1)-c1scc2cc[nH]c12,1.894905373667664
59,c1ccc([se]1)-c1ccc(-c2sc(-c3scc4nccnc34)c3ccoc23)c2nsnc12,8.845309536694154
60,c1sc(-c2[SiH2]c(cc2)-c2ccc(s2)-c2scc3[se]ccc23)c2Cccc12,4.12511982784704
61,c1ccc(cn1)-c1cc2sc3c([se]c4ccc5cscc5c34)c2c2=CCC=c12,3.768681640837286
62,c1cc2c([se]1)c1[se]c3cc(ccc3c1c1ccccc21)-c1ncncn1,0.0
63,[nH]1c2-c3oc(cc3Cc2c2sccc12)-c1scc2[se]ccc12,1.9953879640294765
64,c1sc(-c2ccc(-c3sc(-c4cccnc4)c4ccCc34)c3nsnc23)c2cc[SiH2]c12,6.537913342040555
65,[nH]1c2ccc3nsnc3c2c2c3cocc3c3cc([se]c3c12)-c1nccs1,0.022521286441091
66,c1ccc2cc(-c3cc4c5c[nH]cc5ccc4c4=C[SiH2]C=c34)c3cocc3c2c1,1.5793792937995057
67,[nH]1ccc2c1c1[nH]c3cc(ncc3c1c1=CCC=c21)-c1scc2occc12,1.1294834363195492
68,c1cc2cc3ccc4C=C(Cc4c3cc2[se]1)c1scc2[nH]ccc12,1.5558523677598683
69,c1ccc([se]1)-c1sc(-c2ccc(o2)-c2scc3sccc23)c2[SiH2]ccc12,3.3389191236192715
70,c1ccc2c(c1)sc1c2sc2cc(-c3cncc4nsnc34)c3cscc3c12,9.26104195685776
71,c1c-c2[SiH2]c3c(c2-nc1)c1c[nH]cc1c1ccc2cscc2c31,1.5213923400650802
72,c1ccc(o1)-c1ccc(-c2ncc(-c3scc4occc34)c3nsnc23)c2cocc12,7.973692319923537
73,[nH]1c2ccc3=C[SiH2]C=c3c2c2oc3cc(-c4cccc5cocc45)c4cocc4c3c12,0.7193666131058557
74,c1cnc2c3sc4cc(cnc4c3ccc2c1)-c1cccc2=CCC=c12,2.7108435821500967
75,c1ccc(nc1)C1=Cc2oc3c(c2C1)c1cocc1c1ccncc31,2.2004829851074907
76,[SiH2]1C=c2c3c4oc(cc4oc3c3cnccc3c2=C1)C1=CC=C[SiH2]1,4.254156841281384
77,[nH]1cccc1C1=Cc2c([SiH2]1)c1c3nsnc3c3ccncc3c1c1nsnc21,7.464534319768448
78,[nH]1cccc1-c1ccc(-c2ccc([nH]2)-c2Cccc2)c2cscc12,1.5302530288115914
79,[SiH2]1C=Cc2c1csc2-c1cc2c3cscc3c3c4[SiH2]C=Cc4[se]c3c2c2nsnc12,6.188472966387069
80,c1ccc([se]1)-c1sc(c2Cccc12)-c1sc(-c2cccc3cscc23)c2[nH]ccc12,2.429871338277854
81,[nH]1cccc1C1=Cc2sc3cc4ccsc4cc3c2C1,1.459834526031198
82,[nH]1c(cc2c3c[nH]cc3c3c(ccc4ccc5cocc5c34)c12)-c1cccs1,0.7523897893334024
83,c1cnc(s1)-c1cc2oc3ccc4cocc4c3c2c2cscc12,3.7653461893269946
84,c1ccc(o1)-c1cc2c3nsnc3c3cc4ccoc4cc3c2cn1,3.7374784589603687
85,c1cc2c3ccccc3c3cc4C=C([SiH2]c4cc3c2cn1)c1cccc2ccccc12,1.6388356889103448
86,c1cc2c3nsnc3c3cc4cc(sc4cc3c2s1)-c1cccc2=C[SiH2]C=c12,5.743832859040393
87,c1sc(-c2cc3ncc4cc5ccc6=CCC=c6c5cc4c3o2)c2C=C[SiH2]c12,2.177670706454666
88,c1ccc2cc3c4[SiH2]C(=Cc4ncc3cc2c1)c1cccc2cocc12,3.8543946353480014
89,c1sc(-c2Cc(cc2)-c2cnc(s2)-c2cccc3ccccc23)c2nccnc12,7.297974352068986
90,c1ncc(C2=Cc3c([SiH2]2)c2ncc4ccc5=C[SiH2]C=c5c4c2c2=CCC=c32)c2nsnc12,7.388837039845316
91,c1c-c2c(-nc1)c1-ncc3ccc4ccccc4c3-c1c1ccccc21,1.8295712930022496
92,c1ccc(cn1)-c1sc(-c2ccc(cn2)-c2cccc3c[nH]cc23)c2cc[nH]c12,2.192212357184496
93,C1C=c2c3cc(ccc3c3ncccc3c2=C1)C1=CC=C[SiH2]1,1.93862647407728
94,c1cc2[se]c3c4sc(cc4c4cscc4c3c2[se]1)-c1scc2ccsc12,3.8315287611635167
95,c1ccc(nc1)-c1cnc2c(c1)ncc1ccc3=C[SiH2]C=c3c21,5.229820252566403
96,[nH]1c2cc(oc2c2cnc3cccnc3c12)-c1cccc2cocc12,2.0487678987302287
97,c1sc(-c2cc3cnc4ccc5c[nH]cc5c4c3[se]2)c2cc[nH]c12,0.0
98,c1sc(C2=Cc3[se]c4c(ccc5ccc6=CCC=c6c45)c3[SiH2]2)c2ccoc12,3.4764269549347264
99,c1ccc(-c2ccc(nc2)-c2sc(-c3cccc4nsnc34)c3ccsc23)c2c[SiH2]cc12,6.403042053753323
100,c1ccc(cc1)-c1ccc(nc1)-c1ccc(nc1)-c1cccc2c[nH]cc12,1.3790293078042617
101,[SiH2]1C=CC=C1c1cc2c(s1)c1c3c[nH]cc3c3ccccc3c1c1ccccc21,2.1271100239426968
102,c1sc(-c2ccc(s2)-c2sc(-c3cccc4c[nH]cc34)c3cc[se]c23)c2[nH]ccc12,1.8590181320390515
103,c1cc2c(cc(-c3scc4ccoc34)c3ccccc23)o1,1.8172866248529824
104,c1ccc(o1)-c1cc2c3cscc3c3c(sc4ccc5cocc5c34)c2c2cocc12,3.203460401076906
105,c1ccc(s1)-c1cc2ncc3c([se]c4ccc5ccccc5c34)c2c2c[nH]cc12,1.8862772039928688
106,c1cc2oc3c([se]c4cc(-c5cccc6=CCC=c56)c5ccccc5c34)c2[se]1,2.246266963300463
107,c1sc(-c2sc(-c3ccc(o3)-c3scc4[se]ccc34)c3occc23)c2occc12,3.891870941341407
108,c1cc2c3nsnc3c3cc4cc(cnc4cc3c2c2ccccc12)-c1ncncn1,6.113361408263273
109,c1sc(-c2cc3cnc4c(sc5ccc6cscc6c45)c3o2)c2ccsc12,3.593267288462397
110,c1cc2c(o1)c1oc3cc(-c4cccc5nsnc45)c4ccccc4c3c1c1ccccc21,5.292579688646262
111,c1[SiH2]c(cc1)-c1sc(c2[SiH2]ccc12)-c1ccc(-c2scc3[SiH2]ccc23)c2nsnc12,5.40236226746829
112,c1sc(-c2cnc3cc4c(cnc5ccc6nsnc6c45)cc3c2)c2sccc12,6.528207959078563
113,c1ccc2c3[se]c4C=C([SiH2]c4c3ccc2c1)c1cccc2cocc12,3.1183398902743176
114,c1ccc(o1)-c1sc(-c2ccc(-c3scc4occc34)c3ccccc23)c2cc[SiH2]c12,2.202721500641553
115,c1sc(-c2ccc(s2)-c2sc(-c3cncc4nsnc34)c3[nH]ccc23)c2cc[SiH2]c12,6.77501710844031
116,c1sc(-c2ccc3c(c2)c2=CCC=c2c2ccc4nsnc4c32)c2nccnc12,6.858740390271202
117,c1ccc(s1)-c1cc2cc3c4nsnc4c4ccc5nsnc5c4c3cc2o1,6.397978005911904
118,c1sc(-c2ccc(-c3ccc([se]3)-c3cccc4cCcc34)c3cscc23)c2[nH]ccc12,2.48164809790556
119,c1Cc2c3-[s]c4ccc5ccccc5c4-c3c3ccccc3c2c1,1.5803952220561444
120,[nH]1c(cc2c1c1[SiH2]C=Cc1c1=C[SiH2]C=c21)-c1scc2nccnc12,3.988737184143349
121,c1Cc(cc1)-c1[SiH2]c(cc1)-c1ccc(cn1)-c1cccnc1,3.4252920135910387
122,c1cc2[s]-c3c(-c2[se]1)c1c[SiH2]cc1c1ccc2cscc2c31,4.667236325121314
123,C1C=Cc2c1csc2-c1cc2c(s1)c1ccc3C=CCc3c1c1ccccc21,1.842814004631963
124,c1Cc2c(-c1)[se]c1c3[SiH2]ccc3c3cCcc3c21,1.861784896890929
125,[nH]1ccc2[nH]c3c(ncc4cc(-c5scc6C=C[SiH2]c56)c5cocc5c34)c12,1.6298140381960513
126,c1cc2[se]c3c(ncc4cc(oc34)-c3cccc4=CCC=c34)c2s1,1.4090528170679892
127,c1sc(-c2cc3sc4c(oc5ccc6cscc6c45)c3c3c[nH]cc23)c2cc[se]c12,2.515617032628186
128,c1ccc([se]1)-c1ncc(s1)-c1sc(-c2ncncn2)c2ccoc12,7.518921895751697
129,c1cc2ccc3c4sc(cc4c4ccccc4c3c2cn1)-c1cncc2nsnc12,10.230320473185277
130,c1ccc(nc1)-c1ccc2c(c1)ncc1cc3ccncc3cc21,4.241558429821095
131,c1cc2c(s1)c1cnc(cc1c1ccccc21)-c1cccc2ccccc12,1.4721446925349986
132,c1cc2c(s1)c1sc3cc(-c4cncc5nsnc45)c4cscc4c3c1c1=C[SiH2]C=c21,8.397416286323676
133,c1cnc(s1)-c1sc(-c2ccc(-c3nccc4nsnc34)c3ccccc23)c2ccoc12,8.604862992752937
134,[nH]1c(cc2cc3sc4C=CCc4c3cc12)-c1cccc2=C[SiH2]C=c12,3.547220091367792
135,[SiH2]1C=Cc2c1c1c3c[nH]cc3c3cc(cnc3c1c1c[nH]cc21)-c1cccc2c[nH]cc12,0.1535358604944135
136,[nH]1c(cc2oc3c4occc4c4ccccc4c3c12)-c1cccs1,1.2181336816739972
137,c1cc2sc3c4oc(cc4[se]c3c2c2=CCC=c12)-c1cncc2nsnc12,9.112225658422208
138,C1C=Cc2ncc3c4CC(=Cc4sc3c12)c1scc2[se]ccc12,3.824231572553597
139,C1C=CC=C1c1cc2cnc3c4occc4c4cscc4c3c2c2=C[SiH2]C=c12,3.970404769766664
140,[nH]1c(cc2ncc3c(ncc4ccc5=CCC=c5c34)c12)-c1scc2[se]ccc12,3.1075571520261587
141,c1cc2c([se]1)c1sc3cc(-c4cccc5cocc45)c4nsnc4c3c1c1ccccc21,0.0
142,c1sc(c2C=CCc12)-c1ccc2c(c1)sc1c2ccc2ccc3cscc3c12,1.8365919940080373
143,C1C=CC=C1c1cc2ncc3cc4C=CCc4cc3c2c2cocc12,1.9184911659881896
144,c1ccc(s1)C1=Cc2ncc3c(c2C1)c1c[nH]cc1c1ccc2=C[SiH2]C=c2c31,2.1809826414128697
145,[SiH2]1C=CC=C1c1cc2c3nsnc3c3c(oc4ccc5cocc5c34)c2c2ccccc12,4.109932192773506
146,c1sc(C2=Cc3c([SiH2]2)ccc2=CCC=c32)c2[nH]ccc12,0.9235761554825538
147,c1cc2[se]c3c4[SiH2]C(=Cc4c4cocc4c3c2s1)c1cccc2ccccc12,3.1887614686310126
148,c1cnc2c3cnc4C=C(Cc4c3c3=CCC=c3c2c1)c1cccnc1,3.022824528460916
149,c1cc2c(o1)c1oc3cc(cnc3c1c1=CCC=c21)-c1scc2occc12,2.971273269601861
150,c1cnc2c3sc4cc(ccc4c3c3c[nH]cc3c2c1)-c1cccc2nsnc12,4.841435915939086
151,c1cc2cc3c(cc2s1)c1CC(=Cc1c1=C[SiH2]C=c31)c1scc2cc[nH]c12,2.1347733257261616
152,[nH]1c(cc2c1c1[se]c3ccc4cocc4c3c1c1=C[SiH2]C=c21)-c1cccc2cscc12,0.0
153,c1Cc(cc1)-c1sc(c2[SiH2]ccc12)-c1ccc(-c2cncs2)c2cscc12,3.6997472432269056
154,c1sc(-c2cnc(s2)-c2ccc(-c3ncncn3)c3cscc23)c2occc12,7.797397534703101
155,c1cnc(s1)-c1sc(-c2sc(-c3scc4cc[SiH2]c34)c3cc[nH]c23)c2ccCc12,3.3839374432694025
156,c1sc(-c2ccc(cn2)-c2ccc(-c3scc4[se]ccc34)c3cocc23)c2ccoc12,3.5784111147386284
157,[nH]1c2cc(cnc2c2c1c1c(ccc3=CCC=c13)c1=CCC=c21)-c1ccc[se]1,2.0109865411274965
158,[nH]1cccc1-c1cnc2c(c1)ncc1c3sccc3c3=C[SiH2]C=c3c21,4.618240294005305
159,c1cnc(s1)-c1sc(-c2ccc(-c3nccc4nsnc34)c3cCcc23)c2sccc12,8.071955044300697
160,c1sc(-c2cc3ncc4c([se]c5ccc6c[nH]cc6c45)c3c3=CCC=c23)c2nccnc12,5.690160965337353
161,C1C=CC=C1c1cc2cc3ncc4ccoc4c3cc2[se]1,2.2040813851143515
162,[nH]1ccc2c3nsnc3c3c4oc(cc4ccc3c12)-c1scc2ccoc12,2.5996903156319453
163,c1Cc(cc1)-c1Cc(cc1)-c1ccc([se]1)-c1scc2ccoc12,2.2516240392779547
164,[SiH2]1C=Cc2c1c1sc3cc(oc3c1c1cscc21)-c1cccs1,3.4067544699229764
165,c1sc(C2=Cc3c([SiH2]2)c2cnc4ccccc4c2c2cscc32)c2ccoc12,4.56529336619776
166,c1sc(-c2ccc(-c3ccc(-c4ccccn4)c4c[SiH2]cc34)c3cscc23)c2sccc12,3.796691195957384
167,[nH]1ccc2c3cocc3c3c4CC(=Cc4ccc3c12)c1cccnc1,1.419266845408813
168,c1sc(-c2cnc3cc4c(cc3c2)c2=C[SiH2]C=c2c2ccc3cocc3c42)c2sccc12,3.421637181232844
169,c1cc2cnc3c4sc(cc4ncc3c2s1)-c1scc2C=C[SiH2]c12,2.2395312660804056
170,c1ccc2c3[se]c4ccc5cocc5c4c3ncc2c1,1.598102079982847
171,[nH]1c(cc2sc3c4sccc4c4c[nH]cc4c3c12)-c1scc2cc[se]c12,3.821531764919104
172,c1sc(-c2ncc(s2)-c2sc(-c3cccc4c[nH]cc34)c3ccsc23)c2cc[SiH2]c12,3.2074068704193053
173,c1cnc(s1)-c1ccc(cc1)-c1sc(c2Cccc12)-c1ncncn1,4.426693919184824
174,c1cc2c3cscc3c3c4cnc(cc4sc3c2c2cscc12)-c1cccc2=C[SiH2]C=c12,4.055796132998653
175,[nH]1ccc2[nH]c3C=C([SiH2]c3c12)c1cccc2=C[SiH2]C=c12,0.009284960764561
176,c1cc2oc3cc(-c4ccccc4)c4ccccc4c3c2s1,0.9514161112011424
177,[SiH2]1C=Cc2oc3cc4C=C([SiH2]c4cc3c12)c1cccs1,1.9269250651148244
178,c1cc2[se]c3c(ccc4cc(-c5scc6occc56)c5c[nH]cc5c34)c2[se]1,2.2931929647221705
179,[nH]1c2cc(ncc2c2cc3ccccc3cc12)-c1scc2cc[nH]c12,1.4701669638734265
180,c1cc2c(cn1)c1sc3cc(-c4cccc5cscc45)c4=CCC=c4c3c1c1=CCC=c21,2.9732473755037225
181,c1ccc(s1)-c1cc2c3cocc3c3c(ccc4cccnc34)c2c2=C[SiH2]C=c12,4.08076747197643
182,c1ccc(o1)-c1ccc(cn1)-c1sc(-c2cccs2)c2[nH]ccc12,2.7866543829445165
183,c1Cc(cc1)-c1ncc(s1)-c1sc(-c2[SiH2]ccc2)c2cc[nH]c12,2.9149406823586723
184,c1cc2cc3c4cocc4c4cc(-c5ncncn5)c5ccccc5c4c3cc2[se]1,4.265955044822223
185,c1sc(-c2ccc(-c3ccc(-c4ncncn4)c4cscc34)c3c[nH]cc23)c2cc[SiH2]c12,4.619002302416527
186,c1cnc(s1)-c1cc2c3nsnc3c3c4ccccc4c4cscc4c3c2o1,5.282390769291172
187,c1cc2c([se]1)c1cc3[se]c(cc3cc1c1ccccc21)-c1scc2occc12,3.222427632504347
188,c1sc(-c2sc(-c3cncc4nsnc34)c3cc[nH]c23)c2cc[SiH2]c12,6.68713163386119
189,c1sc(-c2sc(-c3ccc(o3)-c3ncncn3)c3ccCc23)c2ccsc12,5.672970519213068
190,c1ccc(-c2ccc3c(c2)oc2c3c3nsnc3c3ccc4c[nH]cc4c23)c2nsnc12,5.5591651887254985
191,C1C(=Cc2cc3ncc4ccc5=C[SiH2]C=c5c4c3cc12)C1=CC=C[SiH2]1,4.057327128063135
192,[nH]1ccc2[nH]c3cc([nH]c3c12)-c1scc2CC=Cc12,0.0302825829998212
193,[nH]1ccc2[se]c3c4ncc(cc4[se]c3c12)-c1ccccn1,1.98504045928646
194,[nH]1ccc2cc3[se]c4cc(-c5scc6[se]ccc56)c5nsnc5c4c3cc12,6.136498267225751
195,[nH]1c2cc(-c3scc4ccoc34)c3nsnc3c2c2c3cocc3c3C=CCc3c12,3.58249473110938
196,C1C=CC=C1c1cc2cnc3c4[se]ccc4c4ccccc4c3c2c2c[nH]cc12,1.4544277866322992
197,c1sc(-c2cc3[se]c4cc5ccc6cocc6c5cc4c3[se]2)c2[se]ccc12,3.3469346980067782
198,c1cc2[SiH2]C(=Cc2[se]1)c1cc2ccccc2c2=CCC=c12,2.197938653519744
199,c1sc(-c2cc3sc4c(c3cn2)c2=CCC=c2c2ccncc42)c2cc[nH]c12,2.923595511059473
200,c1ccc([se]1)-c1sc(-c2[SiH2]c(cc2)-c2scc3nccnc23)c2[SiH2]ccc12,7.359361266423669
201,c1cc2ncc3c([se]c4cc(-c5ncncn5)c5=C[SiH2]C=c5c34)c2c2nsnc12,9.822904004594378
202,c1sc(-c2ccc([se]2)-c2ccc(-c3cccc4cCcc34)c3nsnc23)c2cc[se]c12,6.616921666553581
203,c1sc(-c2sc(-c3sc(c4Cccc34)-c3cncc4nsnc34)c3ccsc23)c2ccoc12,8.379939071908899
204,c1cnc(s1)C1=Cc2c(C1)c1[se]c3ccc4=C[SiH2]C=c4c3c1c1nsnc21,1.745638795692923
205,c1ccc(cc1)-c1ccc(s1)-c1sc(-c2ncncn2)c2cc[se]c12,6.7795655922166445
206,c1ccc(cn1)-c1[SiH2]c(cc1)-c1sc(-c2ncncn2)c2cc[se]c12,8.350262540927561
207,c1sc(-c2sc(-c3ccc(-c4ncncn4)c4ccccc34)c3cc[se]c23)c2cc[nH]c12,4.503507873566287
208,C1C=c2cccc(-c3cc4cc5ncc6C=C[SiH2]c6c5cc4cn3)c2=C1,4.156001103334368
209,c1Cc(cc1)-c1Cc(cc1)-c1ccc(o1)-c1nccs1,2.720235879204749
210,c1sc(-c2ncc(s2)-c2ccc(-c3nccc4nsnc34)c3ccccc23)c2ccoc12,8.425131936728285
211,c1ccc([se]1)-c1ccc(-c2sc(-c3scc4cc[se]c34)c3sccc23)c2c[nH]cc12,2.603975442079676
212,[nH]1cccc1-c1cnc(-c2sc(-c3ccc[se]3)c3[se]ccc23)c2nsnc12,8.224627598712262
213,[nH]1c(cc2sc3c4sccc4c4ccccc4c3c12)-c1scc2ccoc12,2.0360221218825694
214,c1cc2[se]c3c(ccc4cc(sc34)-c3nccs3)c2o1,2.6811508656438336
215,c1[SiH2]c2c(-c1)c1cCcc1c1c2c2ccccc2c2ccc3ccccc3c12,2.015397667670457
216,[nH]1ccc2c1c1c3c[nH]cc3c(cc1c1ccccc21)-c1cccs1,0.8491075113684567
217,[nH]1c(cc2[SiH2]c3c(ccc4ccc5nsnc5c34)-c12)-c1scc2[SiH2]C=Cc12,3.627574996971961
218,c1sc(c2Cccc12)-c1ccc(cc1)-c1ccc(cc1)-c1cccc2cocc12,1.1155523023461376
219,c1cc2c3c[nH]cc3c3c(oc4ccc5ccccc5c34)c2[se]1,1.0440577609537518
220,[SiH2]1C=Cc2[se]c3c4[SiH2]C(=Cc4c4cscc4c3c12)c1cccc2c[nH]cc12,1.833204267361864
221,[nH]1cccc1-c1Cc(cc1)-c1sc(c2Cccc12)-c1cccc2cocc12,1.4592462657719607
222,c1sc(c2[SiH2]C=Cc12)-c1cc2sc3c(c2cn1)c1nsnc1c1ccncc31,6.838632087515454
223,[nH]1cccc1-c1cnc2c(c1)c1=C[SiH2]C=c1c1c3[se]ccc3c3cocc3c21,3.997115171112032
224,c1cc2sc3c(oc4cc([se]c34)-c3cccc4=CCC=c34)c2o1,3.50902457481838
225,c1cc2c3cscc3c3c4ccc(cc4oc3c2o1)-c1cccs1,1.8736857587152524
226,c1sc(-c2ccc(s2)-c2sc(-c3cccc4cscc34)c3cc[SiH2]c23)c2ccCc12,2.8302541759338085
227,c1cc2oc3c4[SiH2]C(=Cc4c4cocc4c3c2c2nsnc12)c1cccc2ccccc12,4.985274606962122
228,c1[SiH2]c(cc1)-c1sc(-c2ccc(-c3scc4nccnc34)c3c[nH]cc23)c2[se]ccc12,4.22316307188802
229,c1[SiH2]c(cc1)-c1sc(-c2sc(-c3scc4ccsc34)c3nccnc23)c2cc[se]c12,6.214030100866386
230,c1sc(-c2cnc3c(c2)sc2c3c3cscc3c3ccc4cscc4c23)c2nccnc12,8.297955234375411
231,[nH]1ccc2ccc3c4[se]c(cc4[se]c3c12)-c1scc2cc[se]c12,2.5778137008517104
232,[nH]1c2C=C(Cc2c2CC3=C([SiH2]C=C3)c12)c1ncncn1,3.1486988676813863
233,[nH]1ccc2oc3c(c4c[nH]cc4c4cc(-c5cccc6=C[SiH2]C=c56)c5cscc5c34)c12,1.5969984516946232
234,c1ccc2c3oc4cc(ncc4c3c3cocc3c2c1)-c1cccc2cscc12,2.1363806051060426
235,c1cnc2cc(oc2c1)-c1cnc2cccnc2c1,4.623196295115455
236,c1sc(C2=Cc3ncc4c(c3C2)c2=C[SiH2]C=c2c2ccc3nsnc3c42)c2CC=Cc12,6.441306741221087
237,[nH]1c2cc(oc2c2c1c1sccc1c1=CCC=c21)-c1ccco1,1.271378545929537
238,[nH]1c(cc2c3nsnc3c3c4[SiH2]C=Cc4sc3c12)-c1scc2CC=Cc12,3.0728328689704822
239,c1ccc(cc1)-c1cc2c3c[nH]cc3c3c4cnccc4oc3c2c2=CCC=c12,1.752113610367671
240,[nH]1ccc2ccc3c4CC(=Cc4[nH]c3c12)c1scc2C=C[SiH2]c12,0.8044643875205336
241,c1cnc(-c2cc3c4c[nH]cc4c4c(cnc5ccc6c[nH]cc6c45)c3cn2)c2nsnc12,7.038977314876199
242,[nH]1c2cc(oc2c2cnc3C=C[SiH2]c3c12)-c1scc2C=C[SiH2]c12,1.4611813084276684
243,C1C=Cc2csc(c12)-c1cc2cnc3c4CC=Cc4oc3c2c2ccccc12,1.8225565790099367
244,c1sc(-c2cc3c(o2)c2[se]c4ccncc4c2c2=CCC=c32)c2[nH]ccc12,2.77016349694541
245,c1ncc(s1)-c1cnc2c3oc4ccccc4c3c3cocc3c2c1,2.6768542828615014
246,c1sc(-c2ccc(o2)-c2scc3ccsc23)c2sccc12,2.400581349985201
247,c1ccc(cc1)-c1sc(-c2sc(c3Cccc23)-c2cccc3cocc23)c2ccoc12,3.2978370390161595
248,c1sc(c2Cccc12)-c1sc(-c2sc(-c3scc4cc[nH]c34)c3sccc23)c2sccc12,2.922603033837502
249,[nH]1ccc2Cc3c(-c12)c1c[nH]cc1c1cc(-c2cccc4c[nH]cc24)c2=CCC=c2c31,0.0
250,c1sc(-c2cc3oc4c(c5cscc5c5ccncc45)c3cn2)c2ccoc12,3.1631598317527585
251,c1ccc(nc1)-c1sc(-c2sc(-c3cncc4nsnc34)c3[se]ccc23)c2[nH]ccc12,8.698661987944021
252,[nH]1ccc2Cc3c(-c12)c1c[nH]cc1c1cc(-c2ccco2)c2nsnc2c31,1.8802954479029053
253,c1cc2c([se]1)c1ncc3cc(-c4scc5C=CCc45)c4=C[SiH2]C=c4c3c1c1=C[SiH2]C=c21,2.2525776784571376
254,c1Cc(cc1)-c1ccc(cn1)-c1ccc(cn1)-c1scc2[SiH2]ccc12,2.407483651112285
255,c1ccc(o1)-c1cc2c3c[nH]cc3c3c4occc4c4=CCC=c4c3c2[se]1,1.215073027398483
256,c1cnc(-c2cc3oc4c(ncc5ccc6ccccc6c45)c3c3nsnc23)c2nsnc12,9.672013206175862
257,[nH]1c(cc2cnc3c4ccccc4c4nsnc4c3c12)-c1ncncn1,4.150013213004822
258,C1C=Cc2cc3c4cscc4c4cc(cnc4c3cc12)-c1scc2cc[nH]c12,1.7302226902552549
259,c1ccc(-c2sc(-c3ccc(o3)-c3cncc4nsnc34)c3nccnc23)c2c[nH]cc12,7.616301571193044
260,[nH]1c2cc(ncc2c2ncc3C=CCc3c12)-c1scc2C=CCc12,1.333148553487764
261,c1sc(c2CC=Cc12)-c1cc2ccc3c([se]c4ccc5nsnc5c34)c2c2=CCC=c12,0.0
262,c1sc(-c2ccc(-c3Cc(cc3)-c3scc4sccc34)c3cCcc23)c2nccnc12,5.388831058012022
263,c1ccc(cn1)-c1[SiH2]c(cc1)-c1sc(-c2cccc3cCcc23)c2ccCc12,3.259235344183164
264,c1sc(C2=Cc3sc4c(c3C2)c2=CCC=c2c2ccc3cscc3c42)c2ccoc12,3.122805427261067
265,c1ccc2c3[se]c4C=C(Cc4c3ncc2c1)c1cccnc1,2.263692077964246
266,c1ccc(-c2cc3ncc4ccc5ccccc5c4c3c3nsnc23)c2c[nH]cc12,3.9248126645532815
267,c1sc(-c2ccc3c(c2)c2=CCC=c2c2cccnc32)c2sccc12,1.9716211362826384
268,c1ccc(o1)-c1ccc([se]1)-c1cnc(s1)-c1scc2cc[se]c12,4.383883692205101
269,c1sc(C2=Cc3c([SiH2]2)c2c4cocc4c4cccnc4c2c2nsnc32)c2C=CCc12,0.0
270,c1ncc(s1)-c1ccc(cn1)-c1sc(-c2scc3cc[se]c23)c2[se]ccc12,5.0951122459649145
271,c1sc(-c2ccc(s2)-c2cnc(-c3ccccc3)c3nsnc23)c2cc[nH]c12,6.309676742494637
272,[nH]1cccc1-c1ccc([se]1)-c1ccc(-c2[SiH2]ccc2)c2cocc12,2.702184295419688
273,c1cc2c([se]1)c1oc3cc([se]c3c1c1ccccc21)-c1cccc2ccccc12,1.859220238967427
274,c1sc(-c2cc3cnc4c(cnc5ccc6=CCC=c6c45)c3cn2)c2cc[se]c12,4.345618515454381
275,c1ccc2c(c1)ncc1c2cnc2cc(-c3cncc4nsnc34)c3=C[SiH2]C=c3c12,9.083989788648012
276,c1sc(c2[SiH2]ccc12)-c1sc(-c2Cc(cc2)-c2scc3[se]ccc23)c2[nH]ccc12,2.73316056095272
277,[nH]1ccc2c1c1cc3oc(cc3cc1c1=C[SiH2]C=c21)-c1ncncn1,4.531956139352211
278,[nH]1c(ccc1-c1ncc(-c2cncc3nsnc23)c2nsnc12)-c1cccc2cCcc12,8.933557513516046
279,[nH]1c(cc2[se]c3c(c12)c1=C[SiH2]C=c1c1ccc2nsnc2c31)C1=CC=CC1,5.404904800790856
280,c1cnc2c(c1)c1cocc1c1c2cnc2cc(-c3cccc4cscc34)c3cscc3c12,2.814485507655613
281,[nH]1cccc1-c1sc(-c2sc(-c3scc4sccc34)c3ccoc23)c2ccsc12,3.951565972256769
282,c1Cc(cc1)-c1ccc([se]1)-c1sc(-c2cncs2)c2ccsc12,4.860159336224933
283,c1cc2cnc3c(cnc4cc(-c5cncc6nsnc56)c5cscc5c34)c2s1,8.462360174183559
284,c1cc2c3cscc3c3c4CC(=Cc4c4ccccc4c3c2s1)c1ccc[se]1,0.0
285,c1[SiH2]c(cc1)-c1ccc([se]1)-c1ccc(-c2scc3ccoc23)c2cocc12,3.429156008402641
286,[nH]1c(cc2ccc3c4sccc4c4cscc4c3c12)-c1cccs1,1.8179355347940007
287,c1sc(c2C=C[SiH2]c12)-c1cc2oc3c(cnc4ccc5c[nH]cc5c34)c2c2cocc12,2.095732942799751
288,[nH]1cccc1-c1cc2c3nsnc3c3c4ccccc4c4=C[SiH2]C=c4c3c2c2c[nH]cc12,0.0
289,c1cc2cnc3c4CC(=Cc4c4c[nH]cc4c3c2[se]1)c1nccc2nsnc12,6.57531411716609
290,c1cc2c3cscc3c3cc4cc([se]c4cc3c2s1)-c1scc2cc[se]c12,3.0927430619770906
291,c1ccc(nc1)C1=Cc2ccc3c(c2[SiH2]1)c1=CCC=c1c1ccc2nsnc2c31,5.068779242736113
292,c1ccc(-c2cc3c(ccc4=CCC=c34)o2)c2cocc12,1.8381645266301367
293,c1sc(C2=Cc3[se]c4c5ncccc5[se]c4c3[SiH2]2)c2nccnc12,7.996042696983243
294,c1cc2c3c[nH]cc3c3c4[se]c(cc4c4=C[SiH2]C=c4c3c2s1)-c1cccc2cocc12,1.5666649492148526
295,c1ccc(cc1)-c1cc2[se]c3c4cnccc4oc3c2s1,2.142858027116196
296,c1cc2ncc3c4cnc(cc4[se]c3c2c2=CCC=c12)-c1ncncn1,5.661168089938626
297,c1cnc2c(c1)c1cscc1c1c3ccc(cc3c3cscc3c21)-c1cccnc1,2.848987281792545
298,c1cc2cc3sc4cc(-c5scc6C=C[SiH2]c56)c5cocc5c4c3cc2s1,2.9496971571144166
299,c1ccc(o1)-c1cc2ncc3c4c5cscc5ccc4c4=CCC=c4c3c2s1,3.374770346108284
300,[nH]1ccc2c1c1[se]c3C=C([SiH2]c3c1c1=C[SiH2]C=c21)c1ccccc1,1.8181620866123185
301,c1cc2c(c3c[nH]cc13)c1[se]c3cc(oc3c1c1=C[SiH2]C=c21)-c1cncc2nsnc12,8.226939036484849
302,[nH]1c-2c(Cc3cc(-c4nccc5nsnc45)c4ccccc4c-23)c2c1ccc1=C[SiH2]C=c21,2.7926989263789768
303,c1cnc2cc-3c(Cc4ccc5ccccc5c-34)cc2c1,1.6376798892109297
304,C1C=c2c(cc3ccc4c5CC=Cc5[se]c4c3c2=C1)-c1scc2[se]ccc12,2.738685667355233
305,c1sc(-c2cnc(s2)-c2sc(-c3scc4[se]ccc34)c3[nH]ccc23)c2cc[nH]c12,3.2113101517991027
306,[nH]1ccc2ncc3c(cnc4cc(-c5ccccn5)c5cscc5c34)c12,2.4495099460128213
307,C1C=c2c3C=C(Cc3c3[se]c4cccnc4c3c2=C1)C1=CC=C[SiH2]1,2.607975638179849
308,c1cc2c(o1)c1c3cscc3c3cc(ccc3c1c1=C[SiH2]C=c21)-c1scc2[SiH2]C=Cc12,3.3273293192030966
309,c1ccc([se]1)-c1ccc(s1)-c1Cc(cc1)-c1scc2cc[SiH2]c12,3.057827094234133
310,c1cc2c3c[nH]cc3c3c4sc(cc4[se]c3c2s1)-c1cccc2=CCC=c12,2.4591232688689515
311,c1sc(-c2ncc(s2)-c2sc(-c3scc4[nH]ccc34)c3cc[nH]c23)c2[se]ccc12,2.204783282925656
312,[nH]1c2ccncc2c2[se]c3C=C(Cc3c12)c1nccc2nsnc12,8.134026157978406
313,c1sc(c2CC=Cc12)-c1cc2c(c3cocc13)c1sc3ccncc3c1c1=C[SiH2]C=c21,5.272175618307818
314,c1sc(-c2sc(-c3sc(-c4cccc5cocc45)c4occc34)c3[nH]ccc23)c2cc[nH]c12,0.7334173085099439
315,[nH]1c2ccc3cocc3c2c2c1c1oc(cc1c1=C[SiH2]C=c21)-c1scc2ccoc12,1.7356861215155035
316,c1cc2c(cc(-c3cc4cnccc4c4ccccc34)c3c[nH]cc23)[se]1,1.256988891977705
317,[nH]1c(ccc1-c1sc(-c2scc3ccoc23)c2nccnc12)-c1Cccc1,4.366667844090267
318,c1cc2cc3c4c[nH]cc4c4cc(cnc4c3cc2cn1)-c1cccc2cscc12,2.1790549945917626
319,[nH]1ccc2c1c1ccc3C=C(Cc3c1c1=CCC=c21)c1scc2C=C[SiH2]c12,1.1796233563676233
320,c1ccc(cc1)-c1cc2oc3c4ccccc4sc3c2c2ccccc12,1.0864175210113418
321,c1cc2c3c[nH]cc3c3c(ncc4cc(-c5scc6[se]ccc56)c5cocc5c34)c2o1,2.494143805097211
322,[nH]1cccc1-c1sc(-c2sc(-c3cccc4cCcc34)c3ccoc23)c2nccnc12,3.644801849730115
323,[nH]1c2cc(ccc2c2c1c1cnccc1c1=C[SiH2]C=c21)-c1cccc2c[nH]cc12,0.4829097384374284
324,[nH]1c(cc2oc3c4occc4c4ccccc4c3c12)-c1cncc2nsnc12,9.463011904021135
325,[nH]1ccc2[SiH2]C(=Cc12)c1cc2[SiH2]ccc2[nH]1,0.0
326,c1[SiH2]c(cc1)-c1[SiH2]c(cc1)-c1ccc(s1)-c1cccc2c[nH]cc12,1.5457741428751526
327,[nH]1ccc2c3nsnc3c3cc(-c4cccnc4)c4=C[SiH2]C=c4c3c12,5.710973541457376
328,[nH]1ccc2cnc3c4c5cscc5c(cc4c4=C[SiH2]C=c4c3c12)-c1scc2[se]ccc12,4.004988320479321
329,c1ccc(cc1)-c1cc2ccc3c(c4c[nH]cc4c4ccc5ccccc5c34)c2cn1,1.2011345051333349
330,c1ccc(o1)-c1sc(-c2ncc(s2)-c2scc3cc[se]c23)c2ccCc12,4.07312314999512
331,c1sc(-c2cc3c4nsnc4c4c(c5nsnc5c5ccc6cscc6c45)c3o2)c2ccoc12,7.4702246820115645
332,c1[SiH2]c-2c(Cc3c-2c2ccccc2c2ccc4cCcc4c32)c1,1.6860579624448495
333,c1ccc(s1)-c1ccc(-c2ccc(-c3scc4ccoc34)c3cCcc23)c2cCcc12,2.007187215118833
334,[nH]1c-2c([SiH2]c3cc(sc-23)-c2scc3nccnc23)c2sccc12,5.731987988092791
335,c1ccc(s1)-c1cc2cnc3c(ncc4cccnc34)c2o1,3.536994991456784
336,c1ccc(C2=Cc3c(C2)c2c(ccc4ccccc24)c2c[nH]cc32)c2cscc12,1.6212276110771469
337,c1sc(c2CC=Cc12)-c1cc2cnc3c4c5cocc5ccc4c4=C[SiH2]C=c4c3c2cn1,4.740054945896131
338,[nH]1cccc1-c1cc2c(s1)c1[nH]c3cc[nH]c3c1c1=CCC=c21,0.1050686013285045
339,c1ccc(-c2cc3sc4ccc5cocc5c4c3c3=C[SiH2]C=c23)c2cocc12,3.841270547080604
340,c1cc2sc3c(sc4cc(-c5scc6cc[se]c56)c5nsnc5c34)c2s1,7.168630537541037
341,c1sc(c2C=C[SiH2]c12)-c1cc2sc3cc4ccc5=CCC=c5c4cc3c2c2cocc12,2.4308392343752394
342,c1cc2ccc3c(cnc4cc(-c5ncncn5)c5ccccc5c34)c2c2c[nH]cc12,3.542679065247331
343,[nH]1c2C=C([SiH2]c2c2c3c[nH]cc3c3ccc4ccccc4c3c12)c1scc2cc[se]c12,0.918946444248507
344,[nH]1ccc2[nH]c(cc12)-c1cc2cnccc2o1,0.7254474548871861
345,[nH]1c(cc2c1c1oc3ccoc3c1c1=CCC=c21)-c1cccc2c[nH]cc12,0.4237454723835705
346,[nH]1c(cc2c1c1c3cocc3c3ccoc3c1c1=CCC=c21)-c1scc2C=C[SiH2]c12,1.3667450626259805
347,c1ccc(o1)C1=Cc2cnc3c(ncc4ccc5=CCC=c5c34)c2C1,2.929908215207862
348,[nH]1c2C=CCc2c2[se]c3cc(-c4scc5[se]ccc45)c4c[nH]cc4c3c12,4.302903728022943
349,[nH]1c2cc[se]c2c2sc3cc(-c4scc5sccc45)c4c[nH]cc4c3c12,2.1224548409373525
350,[SiH2]1C=Cc2ncc3c(ccc4cc(-c5cccc6nsnc56)c5cscc5c34)c12,6.075147274385119
351,[nH]1c(cc2c3cocc3c3c4[SiH2]C=Cc4[se]c3c12)-c1ccc[se]1,1.1939241650800296
352,[nH]1c2cc(ccc2c2c3cscc3c3C=CCc3c12)-c1cccc2c[nH]cc12,0.9851725960131976
353,c1cc2ncc3c(ccc4cc(ncc34)-c3cccc4cscc34)c2s1,2.878590588223191
354,c1cc2ccc3c(c4cscc4c4cc(-c5scc6nccnc56)c5cocc5c34)c2[se]1,7.275692014557959
355,c1cc2sc3c(ncc4cc(-c5cccc6=CCC=c56)c5=CCC=c5c34)c2c2cscc12,3.041120530404264
356,c1cnc(s1)-c1ccc2c(c1)c1ccccc1c1c3sccc3c3cocc3c21,2.606123702098593
357,c1sc(c2C=CCc12)-c1cc2sc3c(c2c2ccccc12)c1=C[SiH2]C=c1c1ccncc31,4.252861545789314
358,c1sc(C2=Cc3ncc4c(sc5ccc6=C[SiH2]C=c6c45)c3C2)c2ccsc12,5.1091132642475
359,c1cc2[se]c3c(c4c[nH]cc4c4ccc5ccccc5c34)c2c2c[nH]cc12,0.7965177999048628
360,[nH]1c2cc(-c3scc4ccoc34)c3ccccc3c2c2cnc3ccc4c[nH]cc4c3c12,1.862258522164816
361,[nH]1ccc2ncc3c4[se]c(cc4[se]c3c12)-c1scc2ccsc12,2.9936199909346426
362,c1sc(-c2cc3oc4c(c5cscc5c5ccncc45)c3c3=CCC=c23)c2sccc12,3.3671319721859803
363,[nH]1c2cc([se]c2c2c1c1[SiH2]C=Cc1c1ccccc21)-c1ccccc1,0.0
364,c1ccc(cn1)-c1ccc(s1)-c1ccc(-c2ncncn2)c2nsnc12,10.05255647838381
365,C1C=Cc2ccc3cc4cc([se]c4cc3c12)-c1cccc2=C[SiH2]C=c12,4.304588168900237
366,c1cc2c3nsnc3c3c(ccc4cc(ccc34)-c3scc4occc34)c2[se]1,4.770035256665187
367,c1ccc(-c2cnc(-c3ccc(o3)-c3nccc4nsnc34)c3nsnc23)c2c[SiH2]cc12,9.251455789918811
368,[nH]1c(cc2[nH]c3c(c12)c1=CCC=c1c1ccccc31)-c1cccc2cocc12,0.700821035095045
369,C1C=Cc2oc3c4cnc(cc4oc3c12)-c1cccnc1,1.7342357763210483
370,[nH]1c2cccnc2c2cc3c4c[nH]cc4c(cc3cc12)-c1ncncn1,3.290632544661885
371,c1cc2c(s1)c1ccc3cc(-c4scc5CC=Cc45)c4c[nH]cc4c3c1c1=CCC=c21,1.3447333204132603
372,c1sc(c2Cccc12)-c1ccc(nc1)-c1sc(-c2scc3ccoc23)c2cc[nH]c12,2.582264334863245
373,[nH]1ccc2c3cscc3c3c4[nH]c(cc4[nH]c3c12)-c1cccc2cocc12,0.5524160533135062
374,[nH]1cccc1-c1cc2cc3[se]c4ccncc4c3cc2c2=C[SiH2]C=c12,4.060872454438364
375,[nH]1c2cc(-c3cccc4nsnc34)c3c[nH]cc3c2c2oc3ccccc3c12,3.488715435626672
376,[nH]1cccc1-c1sc(c2[SiH2]ccc12)-c1ccc(cn1)-c1cccc2ccccc12,1.6586821505310292
377,c1cc2c(o1)c1c3cocc3c3cc(ccc3c1c1=C[SiH2]C=c21)-c1scc2[SiH2]C=Cc12,3.0697099679741706
378,c1ccc2c(c1)sc1c3sc(cc3c3=CCC=c3c21)-c1cccc2=CCC=c12,2.752855662261085
379,c1ccc(-c2ccc(cn2)-c2sc(-c3cncc4nsnc34)c3ccsc23)c2cocc12,10.0233836513797
380,c1sc(-c2sc(-c3ccc(o3)-c3cccc4nsnc34)c3[nH]ccc23)c2[nH]ccc12,2.8855693325093057
381,c1ccc(s1)-c1cc2c(c3cocc13)c1cc3c(ccc4=CCC=c34)cc1c1=C[SiH2]C=c21,2.938903332512821
382,c1sc(-c2[SiH2]c(cc2)-c2sc(-c3cncc4nsnc34)c3[nH]ccc23)c2ccCc12,4.965017677903723
383,c1sc(-c2cnc(s2)-c2[SiH2]c(cc2)-c2cccc3cocc23)c2ccCc12,4.739542481728571
384,C1C=Cc2c1c1ncc(cc1c1cscc21)-c1scc2ccoc12,2.49549636283303
385,[nH]1c(cc2cc3oc4ccc5=CCC=c5c4c3cc12)-c1scc2C=C[SiH2]c12,1.707814453467186
386,c1sc(-c2cc3c([se]2)c2cc4c5c[nH]cc5ccc4cc2c2=C[SiH2]C=c32)c2sccc12,2.0082698971090727
387,[nH]1c2cccnc2c2cnc3cc(-c4scc5nccnc45)c4nsnc4c3c12,8.822429340931505
388,[nH]1c2cc(-c3cccnc3)c3=CCC=c3c2c2sc3cccnc3c12,2.168283586996665
389,c1sc(-c2cc3sc4c(sc5ccc6=C[SiH2]C=c6c45)c3c3c[nH]cc23)c2cc[nH]c12,1.7200561128068337
390,c1cc2[se]c3c(ncc4cc(-c5cccc6nsnc56)c5cscc5c34)c2c2c[nH]cc12,5.755830623335121
391,c1cnc(s1)-c1ccc(-c2sc(-c3cccc4cocc34)c3sccc23)c2c[SiH2]cc12,6.001773240726282
392,c1cc2sc3c(cnc4cc(oc34)-c3scc4nccnc34)c2o1,8.730267311874902
393,[nH]1cccc1-c1cc2c3c[nH]cc3c3c4occc4[se]c3c2c2=C[SiH2]C=c12,1.827228076540656
394,C1C=c2c3C=C([SiH2]c3c3cnc4C=C[SiH2]c4c3c2=C1)c1scc2CC=Cc12,3.043906350611242
395,c1sc(-c2sc(-c3[SiH2]c(cc3)-c3ncncn3)c3occc23)c2ccoc12,7.91564163602045
396,[nH]1cccc1C1=Cc2sc3c(c2[SiH2]1)c1ccccc1c1ccc2cocc2c31,2.045476526083516
397,[nH]1c2cc(-c3nccs3)c3c[nH]cc3c2c2cc3sccc3cc12,1.8003952499736533
398,[nH]1c(cc2[nH]c3c4[SiH2]ccc4[nH]c3c12)-c1cccnc1,0.2156874223131885
399,[nH]1ccc2[se]c3c(ccc4cc(-c5cccc6cscc56)c5ccccc5c34)c12,1.5815205870635105
400,c1ccc(s1)-c1cc2cc3cnccc3cc2c2cscc12,3.015761052925665
401,C1C=c2c(cc3c4cocc4c4c5[SiH2]C=Cc5c5nsnc5c4c3c2=C1)C1=CC=C[SiH2]1,3.3806913717234783
402,c1cnc(-c2cnc(s2)-c2sc(-c3cccc4ccccc34)c3[nH]ccc23)c2nsnc12,7.505558064383375
403,c1sc(-c2cc3ccc4ccc5cocc5c4c3c3nsnc23)c2cc[nH]c12,3.650039401438178
404,[nH]1ccc2oc3c(c12)c1=CCC=c1c1cc(-c2scc4CC=Cc24)c2=CCC=c2c31,0.4682996367500939
405,c1cc2cc3CC(=Cc3cc2s1)c1cccc2cocc12,2.047996532097545
406,c1sc(-c2[SiH2]c(cc2)-c2ncc(s2)-c2cccc3ccccc23)c2ccoc12,5.09447072429601
407,c1sc(-c2cc3cnc4c(ccc5ccc6cscc6c45)c3c3c[nH]cc23)c2cc[nH]c12,1.0665922011340374
408,[nH]1c(ccc1-c1sc(c2Cccc12)-c1scc2occc12)-c1cccs1,2.2140767145504614
409,[nH]1c(ccc1-c1cncc2nsnc12)-c1sc(-c2scc3cc[SiH2]c23)c2[se]ccc12,8.720815985635733
410,[nH]1c(cc2oc3c(cnc4ccc5nsnc5c34)c12)C1=CC=CC1,4.425618502599276
411,c1cc2cnc3c4sc(cc4c4=C[SiH2]C=c4c3c2o1)-c1cncc2nsnc12,4.832757997598569
412,[nH]1c2C=C([SiH2]c2c2c1c1ccccc1c1=CCC=c21)c1scc2sccc12,1.644633670651785
413,c1cc2c3cocc3c3cc(cnc3c2[se]1)-c1scc2sccc12,2.965003624574252
414,c1sc(-c2sc(-c3ccc(o3)-c3cccc4ccccc34)c3sccc23)c2cc[se]c12,4.146687265444142
415,c1cc2c([se]1)c1c3nsnc3c3cc(sc3c1c1ccccc21)-c1scc2C=C[SiH2]c12,0.0
416,c1sc(-c2ccc(-c3ccc([se]3)-c3cccc4c[nH]cc34)c3cocc23)c2ccsc12,2.7814422041214635
417,c1cc2ncc3c(c4cocc4c4cc(-c5ccccn5)c5cocc5c34)c2[se]1,2.925222295227041
418,[SiH2]1C=Cc2sc3c4sc(cc4c4nsnc4c3c12)-c1scc2ccsc12,4.89955754940787
419,[nH]1c(cc2c3cscc3c3c4[SiH2]C=Cc4oc3c12)-c1nccc2nsnc12,7.093310973776336
420,c1ccc(-c2cc3oc4c(c5nsnc5c5ccc6=C[SiH2]C=c6c45)c3[se]2)c2ccccc12,6.269568193643241
421,c1sc(C2=Cc3c(C2)c2cc4c5nsnc5ccc4cc2c2cscc32)c2sccc12,4.351948670216936
422,c1Cc(cc1)-c1ccc(-c2ccc(cn2)-c2cccc3c[SiH2]cc23)c2c[nH]cc12,2.3065288549395024
423,[nH]1ccc2c3c[nH]cc3c3cc([se]c3c12)-c1cccc2=CCC=c12,0.8963401357682793
424,[nH]1c2ccc3cocc3c2c2oc3cc(-c4scc5ccoc45)c4=CCC=c4c3c12,1.8658748989510927
425,[nH]1c2cc(ccc2c2c1c1c(ccc3=CCC=c13)c1ccccc21)-c1nccc2nsnc12,6.842806291809696
426,[nH]1cccc1-c1cc2ncc3c4occc4c4cscc4c3c2o1,1.89637560912996
427,[nH]1ccc2c3cscc3c3c4ncc(cc4c4c[nH]cc4c3c12)-c1ccccn1,1.2922781780260957
428,[nH]1cccc1-c1cc2cnc3c4occc4c4c[nH]cc4c3c2c2cocc12,1.1524904931209927
429,c1[SiH2]c(cc1)-c1sc(-c2ccc(-c3cccs3)c3cCcc23)c2cc[nH]c12,0.9717541091843596
430,c1sc(-c2cc3c4nsnc4c4cc5ccccc5cc4c3c3=C[SiH2]C=c23)c2occc12,5.151840504795079
431,c1ccc([se]1)-c1cnc(s1)-c1ncc(-c2scc3nccnc23)c2nsnc12,0.0
432,c1sc(C2=Cc3c(C2)c2[se]c4ccc5ccccc5c4c2c2cscc32)c2cc[nH]c12,0.0
433,C1C=c2c3C=C[SiH2]c3c3c(c4sc(cc4c4=CCC=c34)-c3cccnc3)c2=C1,2.6472816367572816
434,c1sc(-c2cc3c(cn2)c2cnc4ccc5cscc5c4c2c2=CCC=c32)c2cc[nH]c12,2.56637251879129
435,[nH]1ccc2c1cc(-c1cc3sccc3c3cscc13)c1c[SiH2]cc21,1.8363077180530745
436,c1sc(-c2cc3sc4c(ncc5ccncc45)c3cn2)c2[nH]ccc12,3.632273440783608
437,c1cc2cnc3cc(-c4scc5cc[nH]c45)c4=C[SiH2]C=c4c3c2s1,3.847236521554748
438,c1sc(-c2cc3c4nsnc4c4c5ncccc5sc4c3c3cscc23)c2cc[se]c12,6.911100301588571
439,[nH]1c2ccc3=CCC=c3c2c2c1c1[se]c(cc1c1=CCC=c21)-c1scc2nccnc12,7.361865600927722
440,c1cnc(s1)C1=Cc2sc3c4ccccc4[se]c3c2C1,3.553737439766421
441,C1C=c2c3C=C[SiH2]c3c3c4cscc4c4cc(C5=CC=CC5)c5cocc5c4c3c2=C1,2.132595970798277
442,[nH]1ccc2[SiH2]c3cc(ccc3-c12)-c1scc2nccnc12,5.074734543489734
443,c1ccc2c(c1)sc1c2c2=C[SiH2]C=c2c2cc(-c3cccc4cocc34)c3cscc3c12,4.220495730112381
444,c1ncc(s1)-c1cc2[se]c3c(c4cocc4c4ccc5cocc5c34)c2c2=CCC=c12,4.10195088508628
445,c1cnc(s1)-c1ccc2c(c1)sc1c2c2=CCC=c2c2ccccc12,2.6495036688700693
446,c1sc(-c2cc3ccc4cc5ccncc5cc4c3s2)c2ccoc12,4.749715527719609
447,[nH]1c2cc([se]c2c2c3cscc3c3ccc4cscc4c3c12)-c1nccs1,3.708917293125616
448,[nH]-1cc-c2c-1c1cnc3ccc4ccccc4c3c1c1c[nH]cc21,0.7374482909643728
449,[SiH2]1C=Cc2csc(c12)-c1cc2cnc3c4[SiH2]C=Cc4c4ccccc4c3c2s1,0.0
450,c1sc(-c2ccc3c4[se]c5ccc6cocc6c5c4c4ccccc4c3c2)c2[nH]ccc12,2.013179807942027
451,c1sc(-c2sc(-c3sc(-c4cncc5nsnc45)c4sccc34)c3ccCc23)c2[nH]ccc12,7.099303306901507
452,[nH]1cccc1-c1cc2ccc3c([nH]c4ccc5=CCC=c5c34)c2c2cocc12,1.027434013351985
453,C1C=CC=C1c1cc2cc3c4nsnc4c4ccc5cocc5c4c3cc2cn1,4.154141982153402
454,c1[SiH2]c(cc1)-c1sc(-c2sc(-c3scc4nccnc34)c3cc[se]c23)c2cc[nH]c12,4.374100813304797
455,c1sc(-c2sc(-c3sc(-c4ncncn4)c4ccoc34)c3cc[se]c23)c2ccsc12,8.810859008654967
456,c1ccc(cc1)-c1cc2c3cocc3c3c4ncccc4oc3c2o1,1.8164949432314423
457,[nH]1ccc2c1c1ccc3cc(-c4cccnc4)c4c[nH]cc4c3c1c1ccccc21,0.6976014465075666
458,c1sc(-c2ccc([se]2)-c2sc(-c3cccc4c[SiH2]cc34)c3sccc23)c2cc[se]c12,5.071577661977805
459,c1sc(-c2cc3sc4c(ccc5ccccc45)c3[se]2)c2[nH]ccc12,2.2313232651338475
460,c1sc(c2C=CCc12)-c1cc2c(c3c4nsnc4ccc3c3=CCC=c23)c2=CCC=c12,3.1776988728641693
461,[nH]1cccc1-c1ccc(cc1)-c1Cc(cc1)-c1scc2cc[nH]c12,1.32767975782086
462,C1C=c2c3c4cnccc4oc3c3cnc(cc3c2=C1)C1=CC=C[SiH2]1,3.413386765884927
463,c1ccc(s1)-c1cc2c3c[nH]cc3c3c4ncccc4[se]c3c2c2cocc12,2.468280081799844
464,c1sc(-c2cc3c([se]2)c2cnc4ccccc4c2c2=C[SiH2]C=c32)c2sccc12,4.944188961474562
465,c1ccc(o1)-c1sc(-c2sc(-c3scc4cc[nH]c34)c3[nH]ccc23)c2cc[se]c12,1.5483867560495423
466,C1C=Cc2csc(C3=Cc4c(C3)c3c(c5[SiH2]C=Cc5c5=C[SiH2]C=c35)c3c[nH]cc43)c12,0.0665052466590752
467,c1sc(-c2cc3ccc4c(ccc5ccc6c[nH]cc6c45)c3c3cscc23)c2occc12,0.0
468,c1Cc(cc1)-c1ccc(-c2cnc(-c3ccccn3)c3nsnc23)c2cocc12,7.940282342642554
469,[nH]1c2cccnc2c2ncc3C=C([SiH2]c3c12)c1scc2ccoc12,3.3427769953337303
470,c1sc(-c2cc3oc4c(oc5ccc6=C[SiH2]C=c6c45)c3o2)c2C=CCc12,3.7812242453726297
471,C1C=c2c(cc3sc4C=C[SiH2]c4c3c2=C1)-c1scc2cc[nH]c12,1.575991983761882
472,[SiH2]1C=Cc2cc3c4c[nH]cc4c4cc(sc4c3cc12)-c1scc2[se]ccc12,2.189794442034507
473,c1cc2ccc3c(c4c[nH]cc4c4cc(-c5ncncn5)c5=CCC=c5c34)c2s1,3.911164298845877
474,[nH]1ccc2Cc3c(-c12)c1nsnc1c1cc(ncc31)-c1ccco1,4.728222879171695
475,c1sc(c2[SiH2]C=Cc12)-c1cc2cc3c4cscc4c4cccnc4c3cc2cn1,2.340417390612183
476,c1sc(-c2cc3cnc4c5c6cscc6ccc5c5=C[SiH2]C=c5c4c3s2)c2[SiH2]C=Cc12,4.441769020924525
477,c1[SiH2]c(cc1)-c1sc(-c2ccc(-c3scc4occc34)c3c[SiH2]cc23)c2cc[se]c12,4.339175017093836
478,c1ncc(s1)-c1cnc(s1)-c1sc(-c2scc3nccnc23)c2cc[nH]c12,0.0
479,[nH]1cccc1-c1ccc([se]1)-c1ncc(-c2cccs2)c2nsnc12,8.704022971752398
480,C1C=Cc2oc3c([se]c4cc(oc34)C3=CC=C[SiH2]3)c12,2.331272666583608
481,c1ccc(-c2cc3[se]c4c(oc5ccc6=C[SiH2]C=c6c45)c3o2)c2=C[SiH2]C=c12,4.254298698165603
482,c1sc(-c2ccc(-c3ccc(-c4cccnc4)c4cocc34)c3c[nH]cc23)c2ccsc12,2.1129564344512386
483,[nH]1c2ccc3nsnc3c2c2[se]c3C=C(Cc3c12)c1scc2[nH]ccc12,2.593843683703834
484,[nH]1c2C=C(Cc2c2c1c1c(ccc3=C[SiH2]C=c13)c1=C[SiH2]C=c21)c1scc2sccc12,0.7523745031169752
485,c1ccc(o1)-c1cc2[se]c3c(ncc4cc[se]c34)c2c2=CCC=c12,3.3243959972642854
486,c1sc(c2[SiH2]C=Cc12)-c1cc2c3c[nH]cc3c3ccc4=C[SiH2]C=c4c3c2c2nsnc12,2.842005362867105
487,c1sc(-c2cc3ccc4cc5ccc6cscc6c5cc4c3[se]2)c2sccc12,2.657714060497426
488,c1ncc(s1)-c1cc2sc3c(ncc4ccncc34)c2c2c[nH]cc12,3.038216071415208
489,[nH]1cccc1-c1sc(-c2ccc(-c3scc4ccoc34)c3c[SiH2]cc23)c2ccCc12,2.7681652660373146
490,c1sc(-c2cc3sc4c(c5cocc5c5ccc6nsnc6c45)c3s2)c2[se]ccc12,6.170061786472806
491,[nH]1c2cc(-c3scc4cc[se]c34)c3cscc3c2c2c3nsnc3c3ccncc3c12,4.750994081326682
492,c1cc2ncc3c(sc4cc([se]c34)-c3scc4ccoc34)c2o1,3.112683032717311
493,c1sc(-c2cc3c4c[nH]cc4c4c([se]c5ccc6=CCC=c6c45)c3[se]2)c2C=C[SiH2]c12,1.945046861173252
494,[nH]1c(cc2oc3c4CC=Cc4c4cscc4c3c12)-c1cccc2ccccc12,1.5027607246897816
495,c1cc2ccc3c4CC(=Cc4c4cocc4c3c2[se]1)c1scc2occc12,2.931676155668993
496,c1sc(c2[SiH2]C=Cc12)-c1cnc2c3oc4ccc5cocc5c4c3c3=C[SiH2]C=c3c2c1,0.0
497,c1[SiH2]c2c3Cc4ccc5cscc5c4c3c3cCcc3c2-c1,1.4090523792142386
498,c1cc2c3cscc3c-3c(Cc4ccc5nsnc5c-34)c2c2c[nH]cc12,3.700437886688702
499,[SiH2]1C=c2c3C=C[SiH2]c3c3oc4cc(-c5cccs5)c5=C[SiH2]C=c5c4c3c2=C1,2.618833089102618
500,[nH]1c2cc(ccc2c2oc3ccc4cscc4c3c12)-c1scc2C=CCc12,1.8187430930722184
501,C1C=CC=C1c1cc2ccc3c(oc4ccc5cscc5c34)c2cn1,2.127646426759862
502,C1C=Cc2c1c1ncc3cc(oc3c1c1cscc21)-c1nccs1,3.382372246852418
503,c1cc2oc3c(sc4cc(-c5scc6ccsc56)c5ccccc5c34)c2[se]1,2.551581460999912
504,[nH]1ccc2c3c[nH]cc3c3c(ccc4cc(ncc34)-c3scc4ccoc34)c12,1.1264187349025134
505,c1sc(C2=Cc3c(C2)c2c4c[nH]cc4ccc2c2=CCC=c32)c2ccsc12,0.9783645894101486
506,c1ccc2c(c1)c1c[nH]cc1c1c3[se]c(cc3ncc21)-c1cccc2=C[SiH2]C=c12,2.9221481641408595
507,c1cnc2c(c1)c1ccccc1c1c3[SiH2]C(=Cc3ncc21)c1cccc2ccccc12,2.212167015711019
508,C1C=Cc2c1csc2-c1cc2c3nsnc3c3c4CC=Cc4c4=C[SiH2]C=c4c3c2[se]1,5.4691335986602985
509,[nH]1ccc2cc3c(cc12)c1c2nsnc2c(cc1c1=CCC=c31)-c1cccc2c[nH]cc12,2.829624366241606
510,[SiH2]1C=Cc2c1csc2-c1cc2ncc3c4[SiH2]C=Cc4c4c[nH]cc4c3c2c2c[nH]cc12,1.087901539893991
511,c1ccc(C2=Cc3sc4c(c3C2)c2c[nH]cc2c2ccc3=CCC=c3c42)c2=CCC=c12,0.6128926082025601
512,c1sc(-c2ccc(s2)-c2ccc(nc2)-c2ccccc2)c2[nH]ccc12,2.440396716011861
513,c1ccc(cc1)-c1ccc2c(c1)c1=C[SiH2]C=c1c1c3cnccc3c3=CCC=c3c21,3.288195379831733
514,c1ccc([se]1)-c1sc(-c2sc(-c3ccccn3)c3sccc23)c2[nH]ccc12,3.6383898306657567
515,[nH]1c2cc(cnc2c2c3cscc3c3ccsc3c12)-c1cccc2c[nH]cc12,1.6723423760790948
516,c1sc(-c2cc3sc4c(cnc5ccc6cocc6c45)c3o2)c2[se]ccc12,2.978215526983204
517,[nH]1ccc2[se]c3c([nH]c4cc(-c5cccc6c[nH]cc56)c5=CCC=c5c34)c12,0.0543187975086738
518,[nH]1ccc2c1c1cnc3cc(-c4scc5ccoc45)c4ccccc4c3c1c1=C[SiH2]C=c21,2.8077974754833206
519,c1sc(-c2ncc(s2)-c2sc(c3Cccc23)-c2cccc3ccccc23)c2cc[nH]c12,2.6845806795744
520,[nH]1c2cc(sc2c2c1c1occc1c1=CCC=c21)C1=CC=CC1,0.9649432961607244
521,[nH]1c2-c3cnccc3Cc2c2c1cc(-c1cccc3cocc13)c1=C[SiH2]C=c21,2.358807369335418
522,c1ncc(s1)-c1cc2sc3ccc4=C[SiH2]C=c4c3c2s1,5.559498443668628
523,c1ccc(nc1)-c1sc(-c2sc(-c3ncncn3)c3sccc23)c2cc[se]c12,8.533227735769293
524,[nH]1c(cc2sc3c(c4nsnc4c4ccc5nsnc5c34)c12)-c1scc2CC=Cc12,7.122042431913058
525,c1ncc(s1)-c1[SiH2]c(cc1)-c1ncc(-c2nccc3nsnc23)c2nsnc12,0.0
526,c1sc(-c2cc3cc4cnc5ccncc5c4cc3s2)c2nccnc12,10.484783390787069
527,[nH]1ccc2cc3[se]c4cc([se]c4c3cc12)C1=CC=CC1,1.8035326123778224
528,[nH]-1cc-c2ncc3c(c-12)c1cscc1c1ccc2c[nH]cc2c31,1.3184831228452083
529,c1Cc(cc1)-c1ccc(-c2ncc(-c3scc4cc[nH]c34)c3nsnc23)c2c[SiH2]cc12,4.2403708914654725
530,[nH]1c(cc2cnc3c4c5ccccc5ccc4c4=C[SiH2]C=c4c3c12)-c1scc2[nH]ccc12,2.416859508384736
531,c1ccc(nc1)-c1sc(-c2sc(-c3ncncn3)c3ccsc23)c2ccsc12,8.396593085164604
532,c1cc2[se]c3c(c2o1)c1=C[SiH2]C=c1c1cc(-c2cccc4c[nH]cc24)c2nsnc2c31,5.442574398397063
533,c1ccc(s1)-c1sc(-c2sc(-c3cccc4c[nH]cc34)c3[nH]ccc23)c2[nH]ccc12,0.0
534,c1ccc(-c2cc3c4nsnc4c4ccc5c[nH]cc5c4c3s2)c2c[nH]cc12,2.638453694979859
535,c1sc(-c2sc(-c3sc(-c4ncncn4)c4cc[se]c34)c3cc[nH]c23)c2ccsc12,7.270264072894211
536,C1C=c2c(cc3ncc4c5sccc5c5cscc5c4c3c2=C1)C1=CC=CC1,2.652187946119529
537,C1C=c2c3ccc4cocc4c3c3c4cocc4c(cc3c2=C1)C1=CC=C[SiH2]1,2.2759888023204944
538,C1C=CC=C1c1cnc2c3sc4ccc5nsnc5c4c3c3cocc3c2c1,5.181450790876358
539,c1sc(-c2ccc3c4[se]c5ccc6nsnc6c5c4c4cocc4c3c2)c2sccc12,5.552930094327513
540,c1cc2cc3c4cscc4c4cc(cnc4c3cc2c2cscc12)-c1cncc2nsnc12,9.787024707796858
541,[nH]1cccc1-c1cc2[se]c3c4ncccc4[se]c3c2o1,1.86233249809368
542,c1ncc(s1)-c1ncc(s1)-c1ccc([se]1)-c1scc2[SiH2]ccc12,5.374129577896289
543,c1Cc-2c(-c1)[s]-c1c3Ccc-c3c3c[SiH2]cc3c-21,2.250483001738232
544,c1cc2ccc3c(c4nsnc4c4cc(-c5scc6[nH]ccc56)c5ccccc5c34)c2[se]1,4.0855291787951
545,[SiH2]1C=Cc2oc3c4cnc(cc4sc3c12)-c1scc2cc[nH]c12,2.2092555139705845
546,[nH]1ccc2oc(cc12)-c1cc2c(ccc3=CCC=c23)c2=CCC=c12,0.4393874165824872
547,c1cnc(s1)C1=Cc2c(C1)c1ccccc1c1ccccc21,2.470418290641504
548,c1ccc(s1)-c1ccc(cn1)-c1ccc(-c2scc3[nH]ccc23)c2c[nH]cc12,0.8601533766913889
549,c1ccc(-c2ccc(o2)-c2ccc(cc2)-c2cccc3cocc23)c2cCcc12,2.0954867595743125
550,[nH]1c(cc2c3cocc3c3c4sccc4sc3c12)-c1cccc2nsnc12,6.404414448992784
551,C1C=c2c(cc3c4cscc4c4c5[SiH2]C=Cc5oc4c3c2=C1)-c1scc2ccoc12,2.384529432834684
552,c1cc2c(o1)c1c(c3oc(cc3c3=C[SiH2]C=c13)-c1scc3ccsc13)c1=CCC=c21,2.445272686176601
553,[nH]1cccc1-c1cc2ncc3c4sccc4ncc3c2s1,2.251078509279431
554,C1C=c2c3cc4C=CCc4cc3c3c4cocc4c(cc3c2=C1)-c1ccccn1,1.881132950918003
555,c1cc2cc3c4ccccc4c4cc(ccc4c3cc2s1)-c1cccc2c[nH]cc12,0.9668766258498486
556,c1ccc(o1)-c1ccc2c(c1)c1=CCC=c1c1c3sccc3c3cscc3c21,2.571651807914313
557,c1sc(-c2ccc(cn2)-c2sc(-c3scc4[se]ccc34)c3cc[SiH2]c23)c2occc12,3.7628094598242514
558,c1ccc(o1)-c1ncc(s1)-c1ccc(-c2ccco2)c2c[nH]cc12,2.1800729146847817
559,[SiH2]1C=CC=C1c1cc2c3nsnc3c3ccccc3c2c2cocc12,4.014211102480292
560,[SiH2]1C=Cc2c1c1[se]c(cc1c1c[nH]cc21)-c1scc2ccsc12,1.6156821183275052
561,[nH]1c2C=C[SiH2]c2c2c1c1c3ccccc3c(cc1c1=CCC=c21)-c1nccc2nsnc12,4.559882417733386
562,c1ccc(cc1)-c1cc2ncc3c4c5cscc5ccc4c4=CCC=c4c3c2[se]1,3.364336589548237
563,[nH]1c(cc2c3nsnc3c3c4CC=Cc4c4=CCC=c4c3c12)-c1ccco1,3.023418862263912
564,c1cc2c(o1)c1[SiH2]C(=Cc1c1=C[SiH2]C=c21)c1scc2ccoc12,2.929307408952628
565,c1ccc(o1)-c1sc(-c2ccc(-c3scc4ccoc34)c3nsnc23)c2ccCc12,5.717774006161744
566,[nH]1ccc2sc3c4CC(=Cc4c4ccccc4c3c12)c1cccc2cocc12,1.9030073867904795
567,c1[SiH2]c(cc1)-c1ccc([se]1)-c1ccc(-c2cccc3cscc23)c2cocc12,3.259960321158033
568,[nH]1c2C=C(Cc2c2c3c[nH]cc3c3ccc4nsnc4c3c12)c1cccc2cscc12,2.479785571668017
569,c1sc(-c2ccc([se]2)-c2ccc(cn2)-c2ccccc2)c2Cccc12,2.336818475095778
570,[nH]1ccc2c3cscc3c3c(c4cocc4c4cc(-c5cccs5)c5=CCC=c5c34)c12,1.9798340427735248
571,c1sc(-c2cc3sc4c5ncccc5[se]c4c3s2)c2sccc12,3.712373732911116
572,c1ccc([se]1)-c1cc2c3cscc3c3c(cnc4ccc5=CCC=c5c34)c2o1,2.5364755232872027
573,c1sc(c2CC=Cc12)-c1cc2c3cscc3c3c4cnccc4oc3c2c2=C[SiH2]C=c12,5.5464813875591785
574,c1ccc(-c2cc3cc4c5cscc5c5ccc6cscc6c5c4cc3cn2)c2cocc12,3.36326635659386
575,[SiH2]1C=Cc2cc3c4nsnc4c(cc3cc12)-c1cncs1,4.77658926654066
576,c1ccc(s1)-c1cc2[se]c3c4ccccc4sc3c2c2cscc12,3.234156380944818
577,c1ccc(-c2cc3ccc4c5c6c[nH]cc6ccc5c5nsnc5c4c3cn2)c2cscc12,3.955000455021097
578,c1cc2sc3c(c2o1)c1ccccc1c1cc(ncc31)-c1cccc2c[nH]cc12,1.5805777269414152
579,c1cc2c3cscc3c3c4[se]c(cc4ccc3c2[se]1)-c1scc2ccsc12,2.846136358109242
580,C1C=Cc2c1c1sc3cc(-c4scc5cc[nH]c45)c4cocc4c3c1c1cscc21,2.44530354384998
581,c1ccc(cc1)-c1cnc2c3[se]c4ccc5cocc5c4c3c3cocc3c2c1,2.2099729921154845
582,c1sc(-c2cc3c(s2)c2cnc4ccccc4c2c2=C[SiH2]C=c32)c2C=C[SiH2]c12,4.6928132533061815
583,c1ccc(s1)-c1ccc(s1)-c1sc(-c2cccc3c[nH]cc23)c2ccsc12,2.4130709202263043
584,c1[SiH2]c(cc1)-c1ccc(cc1)-c1ccc(-c2scc3cc[nH]c23)c2cocc12,1.8274684294780648
585,c1ccc(cn1)C1=Cc2c([SiH2]1)c1c(c3c[nH]cc23)c2cnccc2c2=CCC=c12,0.0
586,c1Cc(cc1)-c1cnc(s1)-c1ccc(nc1)-c1ncncn1,6.265017460079063
587,c1cc2sc3c(c4cscc4c4cc(cnc34)-c3ncncn3)c2o1,5.077047611434638
588,[SiH2]1C=Cc2csc(c12)-c1cnc2c(c1)ncc1c3[SiH2]C=Cc3c3cocc3c21,3.431544107833892
589,c1sc(-c2ccc(o2)-c2sc(c3Cccc23)-c2scc3occc23)c2[SiH2]ccc12,3.0368781911176264
590,C1C=Cc2c1c1c3cscc3c3cc([se]c3c1c1c[nH]cc21)-c1scc2[se]ccc12,2.723534688233862
591,c1sc(-c2cc3oc4c(c5cscc5c5ccccc45)c3o2)c2CC=Cc12,1.8260191923386309
592,c1sc(-c2cc3[se]c4c5cnccc5sc4c3s2)c2sccc12,3.902075360403048
593,c1sc(-c2cc3c4nsnc4c4c(cnc5ccc6cscc6c45)c3[se]2)c2ccoc12,6.025560725789724
594,c1ncc(s1)-c1ccc(nc1)-c1sc(c2Cccc12)-c1scc2nccnc12,8.136500076016988
595,c1ccc(s1)-c1cnc2c(c1)ncc1c3ncccc3cnc21,5.70931559505383
596,c1ccc(nc1)-c1cc2ccc3c(c4c[nH]cc4c4ccc5=C[SiH2]C=c5c34)c2cn1,2.014622943987528
597,c1sc(C2=Cc3oc4c(c3[SiH2]2)c2=CCC=c2c2ccc3=CCC=c3c42)c2C=C[SiH2]c12,1.2618814116087251
598,c1sc(-c2cc3[se]c4ccc5cocc5c4c3o2)c2[SiH2]C=Cc12,2.1247733783423217
599,[SiH2]1C=c2c3C=C([SiH2]c3c3cnc4ccccc4c3c2=C1)C1=CC=C[SiH2]1,4.325651721218144
600,c1cc2c(o1)c1ncc3cc(ncc3c1c1=CCC=c21)-c1scc2[se]ccc12,2.914636039102973
601,[nH]1c2cc(sc2c2c1ccc1ccccc21)-c1cccnc1,1.474946706092121
602,C1C=c2c3cc(C4=CC=CC4)c4nsnc4c3c3c4c[nH]cc4c4ccsc4c3c2=C1,2.895549158933625
603,c1sc(-c2cc3c4cocc4c4c(ncc5ccc6cscc6c45)c3o2)c2cc[se]c12,3.1717082370439487
604,c1ccc(nc1)-c1ccc(nc1)-c1sc(c2Cccc12)-c1cccc2cCcc12,3.0155967343404466
605,[nH]1ccc2cnc(cc12)-c1ccccc1,0.372170405863888
606,c1ccc(-c2cc3c4nsnc4c4c(sc5ccc6=CCC=c6c45)c3s2)c2=CCC=c12,4.334174564322504
607,c1ncc(s1)-c1ccc2c(c1)[se]c1c3ncccc3oc21,2.5773423947381526
608,[nH]1c(cc2sc3c4CC=Cc4c4ccccc4c3c12)-c1ccccn1,1.4412772240560163
609,c1ccc2c3oc4cc(ccc4c3c3nsnc3c2c1)-c1cccc2cocc12,3.850235768967306
610,C1C=Cc2c1c1c3c[nH]cc3c3cc(-c4ccccn4)c4cocc4c3c1c1nsnc21,3.094559951046992
611,C1C=c2ccc3c4c[nH]cc4c4c5oc(cc5cnc4c3c2=C1)C1=CC=C[SiH2]1,1.2673160165558417
612,[nH]1cccc1-c1cc2c3cocc3c3c4CC=Cc4c4nsnc4c3c2[se]1,3.143149411826786
613,[nH]1ccc2c3cocc3c3c(cnc4ccc5c[nH]cc5c34)c12,0.0
614,c1sc(-c2cnc(s2)-c2sc(-c3cccnc3)c3ccsc23)c2[nH]ccc12,4.822207650559739
615,[SiH2]1C=Cc2c1cc(-c1cc3c4c[nH]cc4ccc3c3cocc13)c1cscc21,1.8016327670023955
616,[nH]1ccc2ncc3c4sc(cc4c4c[nH]cc4c3c12)-c1cccs1,1.3984917511803163
617,c1cnc(C2=Cc3ccc4c([se]c5ccc6ccccc6c45)c3[SiH2]2)c2nsnc12,7.82104253000828
618,[SiH2]1C=Cc2sc3c(ncc4cc(-c5scc6ccoc56)c5nsnc5c34)c12,6.048431232154738
619,[nH]1cccc1-c1cnc(s1)-c1ccc(-c2scc3cc[se]c23)c2c[nH]cc12,2.58726891922922
620,c1sc(-c2sc(c3[SiH2]ccc23)-c2ccc(cc2)-c2cccc3cocc23)c2ccsc12,3.0664101034863647
621,[nH]1ccc2ccc3c4c5cscc5c(cc4c4ccccc4c3c12)-c1scc2[SiH2]C=Cc12,1.964633124696332
622,c1cnc(s1)-c1Cc(cc1)-c1ccc(-c2scc3ccoc23)c2c[SiH2]cc12,4.775810856615519
623,c1cc2c3nsnc3c3cc4cc(oc4cc3c2s1)-c1scc2cc[se]c12,3.903586791548216
624,[nH]1c2ccc3cocc3c2c2cnc3cc(sc3c12)-c1nccs1,2.921420064450315
625,c1ccc(s1)-c1cc2cc3c4cscc4ccc3cc2[se]1,2.225763963870678
626,[SiH2]1C=Cc2cnc3c(c12)c1cscc1c1cc(-c2nccc4nsnc24)c2nsnc2c31,8.94016543226276
627,[nH]1c(cc2[nH]c3ccc4c[SiH2]cc4c3c12)C1=CC=CC1,0.0
628,c1cc2c3cCcc3c3-c4c(-ncc3c2cn1)ccc1cocc41,2.643864386946208
629,[nH]1cccc1-c1cnc2c3[se]c4ccc5cocc5c4c3c3ccccc3c2c1,2.0423952937883825
630,c1ncc(s1)-c1sc(-c2sc(-c3scc4[nH]ccc34)c3[nH]ccc23)c2[se]ccc12,2.406695170420736
631,[SiH2]1C=CC=C1C1=Cc2cc3c4cocc4c4ccncc4c3cc2[SiH2]1,2.8030051753399827
632,c1cc2ccc3c([se]c4cc(-c5scc6nccnc56)c5=C[SiH2]C=c5c34)c2[se]1,7.026380964729186
633,C1C=Cc2c1c1cc3c4cocc4c(cc3cc1c1=C[SiH2]C=c21)-c1scc2occc12,0.0
634,[nH]1c2C=C(Cc2c2ncc3ccc4=C[SiH2]C=c4c3c12)c1scc2[se]ccc12,0.0
635,c1ccc(s1)-c1ccc(s1)-c1sc(-c2scc3[se]ccc23)c2ccCc12,3.894212899822621
636,c1sc(c2CC=Cc12)-c1cc2ccc3c(c4c[nH]cc4c4ccc5=C[SiH2]C=c5c34)c2cn1,2.439392486951224
637,c1sc(-c2cc3ncc4c(sc5ccc6cocc6c45)c3c3=C[SiH2]C=c23)c2ccsc12,5.207033363871466
638,[nH]1ccc2oc3c(ccc4cc(ncc34)-c3cccc4c[nH]cc34)c12,0.6788146724456974
639,c1ccc(s1)-c1cc2cnc3cc4ccccc4cc3c2o1,2.0808937626188864
640,c1ccc([se]1)-c1sc(-c2ccc(-c3cccc4c[SiH2]cc34)c3c[nH]cc23)c2sccc12,2.462676379228212
641,[nH]1cccc1-c1cc2cnc3cc4cc[nH]c4cc3c2c2cocc12,1.5998084833770445
642,[SiH2]1C=Cc2c1c1c3cscc3c3cc([se]c3c1c1cscc21)-c1cncs1,0.0
643,c1sc(-c2ccc(cc2)-c2sc(c3[SiH2]ccc23)-c2cccc3cscc23)c2sccc12,2.460027164980812
644,c1ccc(cn1)-c1ccc(cc1)-c1ccc(-c2cccc3nsnc23)c2cCcc12,4.968765737163543
645,c1ccc(s1)-c1ccc(-c2sc(c3Cccc23)-c2scc3occc23)c2cscc12,3.4702011898572374
646,c1sc(-c2ncc(-c3cccc4c[nH]cc34)c3nsnc23)c2ccCc12,5.238495322305464
647,c1cnc(s1)-c1cc2ncc3c4ccccc4c4cocc4c3c2[se]1,3.3733683382881563
648,c1sc(-c2ccc(-c3sc(-c4scc5sccc45)c4ccoc34)c3cocc23)c2[nH]ccc12,3.437211035102113
649,[nH]1c2cc(-c3scc4ccsc34)c3=CCC=c3c2c2sc3ccncc3c12,2.8868522661054152
650,c1cnc(-c2cc3c4cocc4c4ccc5ccccc5c4c3c3c[nH]cc23)c2nsnc12,5.777983491398607
651,[nH]1c2cc(ccc2c2ccc3ccc4=CCC=c4c3c12)-c1scc2cc[se]c12,3.711564078241244
652,c1cnc2c(c1)c1cocc1c1c3[se]c(cc3c3=C[SiH2]C=c3c21)-c1ncncn1,7.273231700906879
653,[nH]1ccc2c3cscc3c3c4CC(=Cc4c4ccccc4c3c12)c1cccnc1,2.232729489427511
654,c1cc2c3c[nH]cc3c3c4sc(cc4c4nsnc4c3c2s1)-c1scc2[se]ccc12,4.737341214410809
655,[SiH2]1C=Cc2sc3c(cnc4cc(-c5cccs5)c5nsnc5c34)c12,5.527082631354554
656,[nH]1ccc2[nH]c3c4sc(cc4[nH]c3c12)-c1cncc2nsnc12,4.627774303312739
657,c1ccc2c3sc4C=C([SiH2]c4c3cnc2c1)c1cccc2nsnc12,6.431925014952729
658,c1sc(-c2cc3ncc4c(oc5ccc6=CCC=c6c45)c3c3ccccc23)c2[nH]ccc12,0.0
659,C1C=Cc2c1c1ncc3cc(cnc3c1c1=C[SiH2]C=c21)-c1cccs1,0.6676797547707666
660,c1cc2c(c3cscc13)c1[se]c(cc1c1=C[SiH2]C=c21)-c1cccc2=CCC=c12,1.439151539540928
661,[nH]-1cc-c2c-1c1-ncc3ccccc3-c1c1cscc21,1.6357380502758467
662,c1cc2c3cocc3c3c(sc4cc(-c5cccnc5)c5nsnc5c34)c2o1,6.152911645793992
663,c1cnc(s1)-c1ccc(-c2ccc(s2)-c2cccc3cCcc23)c2c[nH]cc12,2.49682104833672
664,c1ccc2c3[se]c4cc(-c5cccc6=C[SiH2]C=c56)c5=C[SiH2]C=c5c4c3ccc2c1,3.858137528769193
665,[nH]1c2C=CCc2c2c1c1c3cocc3c(cc1c1ccccc21)-c1scc2CC=Cc12,1.3811061121188857
666,C1C=Cc2sc3c(cnc4cc([se]c34)-c3cccc4ccccc34)c12,1.6702745167318638
667,[nH]1ccc2c3c[nH]cc3c3c4ccc(cc4c4c[nH]cc4c3c12)-c1scc2CC=Cc12,0.0032354047541688
668,c1cc2cc3cc4c(cc(-c5cccc6nsnc56)c5ccccc45)cc3cc2cn1,5.916840325723353
669,c1ncc(s1)-c1sc(-c2sc(-c3cncc4nsnc34)c3sccc23)c2nccnc12,0.0
670,c1ccc(nc1)-c1ccc(cn1)-c1cnc(s1)-c1nccc2nsnc12,0.0
671,c1cc2c([se]1)c1ncc3cc(-c4scc5C=CCc45)c4cscc4c3c1c1ccccc21,0.0
672,c1ncc(s1)-c1cc2c3c[nH]cc3c3ccc4ccccc4c3c2c2=CCC=c12,1.9729720379662008
673,[nH]1c2cc(-c3cccnc3)c3=CCC=c3c2c2c1c1ncccc1c1=CCC=c21,1.4089242388853318
674,c1sc(-c2[SiH2]c(cc2)-c2sc(c3[SiH2]ccc23)-c2ccccc2)c2ccoc12,3.6274944684334094
675,c1cc2c3cscc3c3c4[SiH2]C(=Cc4cnc3c2s1)c1scc2cc[se]c12,3.81827233108103
676,c1ccc(cc1)-c1cc2[se]c3c(c4cocc4c4ccc5c[nH]cc5c34)c2c2cscc12,2.0098728757775097
677,[nH]1c(cc2Cc3c(ccc4ccccc34)-c12)-c1cccc2=C[SiH2]C=c12,2.5974487937049107
678,[nH]1cccc1-c1cc2c3cscc3c3c4[SiH2]C=Cc4c4cocc4c3c2o1,2.0412138502436337
679,c1sc(-c2ccc(cc2)-c2sc(-c3ccccc3)c3ccCc23)c2[se]ccc12,2.190894083649649
680,[nH]1c2C=C(Cc2c2oc3ccc4=CCC=c4c3c12)c1scc2nccnc12,3.8598597353810953
681,c1ccc([se]1)-c1cnc2c(ccc3c2ccc2cccnc32)c1,2.4058879086979106
682,c1ncc(s1)-c1cc2cnc3c(ccc4ccc5cscc5c34)c2s1,3.3365130376321344
683,c1ccc(o1)-c1ccc(cn1)-c1sc(-c2scc3ccsc23)c2[nH]ccc12,2.958983781948073
684,c1sc(-c2ccc(cn2)-c2scc3cc[nH]c23)c2ccCc12,1.9369470365402903
685,c1cnc(s1)-c1ccc(cn1)-c1ccc(nc1)-c1scc2ccCc12,2.6349108192304183
686,c1cc2c3nsnc3c3c4ccc(cc4cnc3c2o1)-c1scc2ccoc12,4.460519029794269
687,c1sc(-c2cc3cnc4c(sc5ccc6=C[SiH2]C=c6c45)c3c3=CCC=c23)c2cc[nH]c12,2.9898909834012826
688,[nH]1c2C=CCc2c2cc3c4cocc4c(cc3cc12)-c1scc2ccsc12,1.5845783269176803
689,[nH]1c2ccc3nsnc3c2c2[nH]c3cc(-c4scc5[SiH2]C=Cc45)c4=C[SiH2]C=c4c3c12,3.054168643637793
690,c1ncc(s1)-c1ccc([se]1)-c1ccc(nc1)-c1ccccn1,4.169290968144633
691,c1sc(-c2ncc(s2)-c2ccc(-c3scc4nccnc34)c3cscc23)c2ccCc12,7.352978995545491
692,[nH]1c2cc(-c3scc4sccc34)c3=CCC=c3c2c2ncc3cc[se]c3c12,1.9204097655592929
693,[nH]1c2cc([se]c2c2[se]c3ccc4=C[SiH2]C=c4c3c12)-c1scc2CC=Cc12,4.8563619583356665
694,c1ccc(cc1)-c1ccc(-c2sc(-c3cccc4nsnc34)c3[se]ccc23)c2cocc12,6.310688795615622
695,c1Cc(cc1)-c1ccc(o1)-c1sc(-c2ccco2)c2[nH]ccc12,1.2359727131913665
696,c1sc(-c2cc3sc4c(ccc5ccc6c[nH]cc6c45)c3s2)c2occc12,2.172910551421072
697,c1cc2oc-3c(-ncc4ccc5c[SiH2]cc5c-34)c2[se]1,4.579320794222558
698,C1C(=Cc2c1c1c(c3cocc23)c2ccccc2c2=C[SiH2]C=c12)C1=CC=C[SiH2]1,2.455747103870678
699,[SiH2]1C=CC=C1c1cc2c3nsnc3c3c4occc4c4cscc4c3c2c2ccccc12,4.415358286008122
700,[nH]1ccc2[nH]c3cc4cc(-c5cccc6=C[SiH2]C=c56)c5c[nH]cc5c4cc3c12,1.124108807820737
701,C1C=Cc2c1c1c3ccccc3c3cc(cnc3c1c1cocc21)-c1scc2sccc12,2.95412735075578
702,c1sc(-c2cnc(s2)-c2ccc(-c3scc4occc34)c3nsnc23)c2[SiH2]ccc12,7.447128571470587
703,c1cnc(s1)-c1cc2ccc3c4ccccc4c4cocc4c3c2cn1,2.176164865416529
704,c1ncc(s1)-c1ccc(-c2ccc(-c3scc4ccCc34)c3cCcc23)c2cocc12,3.2778065505880187
705,[nH]1c2cc(ncc2c2[se]c3C=CCc3c12)-c1cccc2c[nH]cc12,0.8676932935899947
706,c1cc2c3nsnc3c3c4ncc(cc4sc3c2o1)-c1scc2ccsc12,4.927302307593989
707,c1cnc(s1)-c1cc2c(c3cocc13)c1[se]c3ccc4cocc4c3c1c1=CCC=c21,3.45021916452466
708,c1cnc2c(c1)[se]c1c3sc(cc3c3=CCC=c3c21)-c1cccc2nsnc12,6.462735263388727
709,c1cc2ccc3c(c4c[nH]cc4c4cc(-c5scc6C=C[SiH2]c56)c5c[nH]cc5c34)c2s1,0.7521259098132245
710,c1cc2c3ccccc3c3-c4c(-[s]c3c2c2cCcc12)ccc1cocc41,2.5217654329970203
711,c1[SiH2]c2c(-c1)c1cCcc1c1c3-[s]cc-c3c3c[SiH2]cc3c21,2.326098036078572
712,[nH]1c2ccoc2c2c1c1sc(cc1c1=C[SiH2]C=c21)-c1scc2[SiH2]C=Cc12,2.272693879409736
713,[nH]1c(cc2cnc3c(ncc4ccc5nsnc5c34)c12)-c1nccs1,5.720774772373393
714,c1cnc2c(c1)oc1c2ncc2cc(ncc12)-c1cccc2c[nH]cc12,2.6380015154323826
715,c1sc(c2[SiH2]C=Cc12)-c1cc2oc3c(c2c2nsnc12)c1=CCC=c1c1cccnc31,5.361811469575849
716,c1Cc(cc1)-c1sc(-c2sc(c3Cccc23)-c2ccccc2)c2cc[nH]c12,1.210766632336902
717,[nH]1c2ccc3cocc3c2c2c3cocc3c3ccc4nsnc4c3c12,5.395443443436671
718,[nH]1c2ccc3nsnc3c2c2sc3cc(-c4cncc5nsnc45)c4ccccc4c3c12,8.784586168000653
719,c1ccc(s1)C1=Cc2c([SiH2]1)c1[se]c3ccc4c[nH]cc4c3c1c1nsnc21,4.700481666390738
720,c1sc(c2[SiH2]ccc12)-c1ccc(cn1)-c1sc(-c2cccc3cocc23)c2cc[SiH2]c12,2.5351079444350137
721,c1cc2sc3c4sc(cc4c4c[nH]cc4c3c2s1)-c1cccc2=CCC=c12,2.0771010223279527
722,c1ccc(s1)-c1cc2sc3c(c4nsnc4c4ccccc34)c2c2c[nH]cc12,3.699548097723679
723,[nH]1c2cc([se]c2c2ccc3ccc4cocc4c3c12)-c1cccc2=CCC=c12,2.4315161143995567
724,C1C=Cc2[se]c3c(ccc4cc(-c5cccnc5)c5nsnc5c34)c12,5.433540936897892
725,C1C=Cc2c1c1ccc3cc(-c4scc5nccnc45)c4=C[SiH2]C=c4c3c1c1cscc21,5.45035309583405
726,C1C=CC=C1c1cc2cc3c4cocc4c4cccnc4c3cc2c2nsnc12,3.9252857300639854
727,c1ccc([se]1)-c1[SiH2]c(cc1)-c1ccc(-c2cccc3ccccc23)c2cocc12,3.3911206549751
728,c1ccc([se]1)C1=Cc2c([SiH2]1)c1ncc3ccc4=C[SiH2]C=c4c3c1c1nsnc21,3.486116314690676
729,[nH]1c2cc(-c3cncc4nsnc34)c3=C[SiH2]C=c3c2c2cnc3C=CCc3c12,7.6998984396972
730,c1sc(-c2cc3c4nsnc4c4c5ncccc5oc4c3c3nsnc23)c2ccoc12,8.964704592635915
731,c1sc(C2=Cc3c([SiH2]2)c2ncc4ccc5c[nH]cc5c4c2c2=C[SiH2]C=c32)c2cc[se]c12,3.257470603717115
732,[nH]1cccc1-c1sc(-c2ccc(cn2)-c2scc3ccCc23)c2ccCc12,2.08388323111018
733,[SiH2]1C=Cc2c1c1oc3cc(cnc3c1c1ccccc21)-c1cccc2cscc12,2.2331635007966897
734,c1cc2c3cocc3c3c4[se]c(cc4c4cscc4c3c2o1)-c1scc2cc[se]c12,3.552758062634245
735,c1cnc(-c2cnc3c4cnc5ccc6cscc6c5c4c4=C[SiH2]C=c4c3c2)c2nsnc12,9.25815030532729
736,c1sc(-c2ccc3c(c2)c2cscc2c2c3ccc3cccnc23)c2ccsc12,2.710642462028435
737,[SiH2]1C=Cc2[se]c3c4[SiH2]C(=Cc4c4cocc4c3c12)c1scc2[se]ccc12,3.072891197968378
738,[nH]1c2cc(-c3cncs3)c3nsnc3c2c2c1c1[SiH2]C=Cc1c1nsnc21,5.837382877833405
739,[SiH2]1C=c2c(cc3c4cscc4c4c5[SiH2]C=Cc5oc4c3c2=C1)-c1cccc2cocc12,3.768638692754478
740,[SiH2]1C=CC2=C1C=C([SiH2]2)c1scc2cc[nH]c12,1.2708177970624688
741,[nH]1ccc2c3nsnc3c3c(ccc4cc(-c5scc6[nH]ccc56)c5ccccc5c34)c12,2.2562191895822243
742,[nH]1c2ccc3ccccc3c2c2cnc3C=C(Cc3c12)c1ccc[se]1,1.8042583974988324
743,[nH]1c2cc(sc2c2sc3ccc4ccccc4c3c12)-c1scc2[se]ccc12,2.945448921807969
744,[nH]1cccc1C1=Cc2[nH]c3cc[se]c3c2C1,0.4033926551587741
745,[SiH2]1C=c2c(cc3oc4c5[SiH2]C=Cc5sc4c3c2=C1)-c1nccs1,5.223011255171617
746,[nH]1c2-c3ccccc3[SiH2]c2c2ccc(cc12)-c1cccc2ccccc12,0.7203911509852532
747,c1sc(C2=Cc3sc4c(ncc5ccc6nsnc6c45)c3[SiH2]2)c2nccnc12,8.568328377970394
748,c1[SiH2]c(cc1)-c1sc(-c2cnc(-c3scc4cc[se]c34)c3nsnc23)c2ccsc12,7.9877964450587635
749,[nH]1ccc2ccc3cc(-c4scc5occc45)c4nsnc4c3c12,4.818057221826107
750,[SiH2]1C=c2ccc3sc(cc3c2=C1)-c1cc2[SiH2]C=Cc2c2nsnc12,5.567935500008297
751,[nH]1ccc2sc3cc(sc3c12)-c1ncncn1,3.438987745352218
752,c1sc(c2[SiH2]C=Cc12)-c1cc2[se]c3c(c4c[nH]cc4c4ccc5=C[SiH2]C=c5c34)c2cn1,3.5140048314899244
753,c1ccc(s1)-c1cc2[se]c3c(c4cocc4c4ccc5c[nH]cc5c34)c2c2nsnc12,4.920163089372858
754,c1sc(c2C=C[SiH2]c12)-c1cc2cnc3c4ccccc4c4nsnc4c3c2c2ccccc12,3.700321700457316
755,[nH]1cccc1-c1cc2ccc3c4c(ccc5=CCC=c45)c4=CCC=c4c3c2c2c[nH]cc12,0.5450220134166897
756,[SiH2]1C=c2c3C=C([SiH2]c3c3sc4C=C[SiH2]c4c3c2=C1)c1cccc2cscc12,3.048988594428138
757,c1Cc(cc1)-c1sc(-c2sc(-c3scc4[SiH2]ccc34)c3nccnc23)c2[nH]ccc12,3.670901904297261
758,c1ccc(-c2sc(-c3sc(-c4ncncn4)c4cc[SiH2]c34)c3cc[nH]c23)c2cscc12,4.951167160208591
759,[nH]1ccc2c1c1c(c3oc(cc3c3=C[SiH2]C=c13)-c1scc3cc[nH]c13)c1=CCC=c21,0.6763234922538197
760,[nH]1c2cc([se]c2c2ncc3ccc4cocc4c3c12)-c1cccc2=C[SiH2]C=c12,4.097157980229048
761,c1cnc2c(c1)sc1c3cnc(cc3sc21)-c1cccnc1,3.522367565458078
762,[nH]1cccc1-c1cc2c3c[nH]cc3c3c4[se]ccc4c4nsnc4c3c2c2cscc12,3.3722221455887533
763,c1sc(-c2cc3cnc4c(oc5ccc6=CCC=c6c45)c3cn2)c2[nH]ccc12,2.5797364181799334
764,c1sc(-c2cc3c(c4c[nH]cc24)c2c4c[nH]cc4ccc2c2=C[SiH2]C=c32)c2cc[nH]c12,0.0
765,[nH]1cccc1-c1cc2c3cocc3c3c4ccccc4ncc3c2c2cscc12,2.739849708006245
766,c1sc(-c2cc3oc4c(c5nsnc5c5ccc6nsnc6c45)c3s2)c2nccnc12,9.866191240771071
767,C1C=CC=C1C1=Cc2oc3c(sc4ccc5=C[SiH2]C=c5c34)c2[SiH2]1,3.040007864965029
768,c1sc(-c2sc(-c3ccc(cn3)-c3cccnc3)c3[nH]ccc23)c2sccc12,3.1783405418745176
769,[nH]1ccc2c3cscc3c3c(ccc4cc(cnc34)-c3scc4CC=Cc34)c12,2.011081982688484
770,c1cc2[se]c3c(c4nsnc4c4cc(-c5cccnc5)c5ccccc5c34)c2o1,5.295012876763361
771,[nH]1c2ccc3cocc3c2c2c1c1c3cscc3c(cc1c1=CCC=c21)-c1ccccc1,1.764496390629812
772,c1ccc(C2=Cc3cc4cc5c(ccc6ccccc56)cc4cc3[SiH2]2)c2c[nH]cc12,1.4158380266601018
773,[nH]1c(cc2Cc3c(-c12)c1c[nH]cc1c1cccnc31)-c1scc2sccc12,1.3744578231515
774,[nH]1c(cc2c3nsnc3c3c4occc4cnc3c12)-c1nccs1,3.255656736937455
775,c1ccc(s1)-c1cc2oc3c(c4nsnc4c4ccc5cocc5c34)c2c2=C[SiH2]C=c12,4.804482232474253
776,c1sc(-c2Cc(cc2)-c2ccc(o2)-c2cccc3c[nH]cc23)c2ccCc12,1.3559081803631696
777,[nH]1c(ccc1-c1sc(-c2scc3cc[se]c23)c2[se]ccc12)-c1scc2sccc12,3.581200925888668
778,[nH]1c(cc2[se]c3c(c4cscc4c4ccc5=C[SiH2]C=c5c34)c12)-c1cccnc1,4.579026853436104
779,c1sc(C2=Cc3ncc4c5ncccc5c5nsnc5c4c3C2)c2sccc12,5.350040748710157
780,c1ncc(s1)C1=Cc2ncc3cc4cccnc4cc3c2[SiH2]1,6.021803733361525
781,c1[SiH2]c(cc1)-c1cnc(s1)-c1ncc(-c2cccc3cscc23)c2nsnc12,9.198521610866312
782,c1ncc(s1)-c1cc2oc3c(c4cscc4c4cccnc34)c2c2=CCC=c12,3.611246516584282
783,C1C=c2c(cc3[se]c4c5[SiH2]C=Cc5cnc4c3c2=C1)-c1ccc[se]1,0.0
784,c1sc(-c2ccc(o2)-c2ncc(-c3cncc4nsnc34)c3nsnc23)c2[nH]ccc12,10.408810291386477
785,c1cnc(s1)-c1cc2c3cocc3c3c(oc4ccc5nsnc5c34)c2o1,5.580240299782336
786,c1ncc(s1)-c1sc(-c2ccc(-c3scc4occc34)c3cscc23)c2ccoc12,5.896127190068263
787,[nH]1c(cc2[SiH2]c3c(-c12)c1c[nH]cc1c1ccc2=CCC=c2c31)-c1scc2CC=Cc12,0.0
788,c1ccc(-c2ccc(-c3sc(-c4ncncn4)c4sccc34)c3cocc23)c2cCcc12,5.796502644712941
789,[nH]1c2cccnc2c2c1cc(-c1scc3ccsc13)c1c[nH]cc21,1.517455809937505
790,[nH]1cccc1-c1cc2[nH]c-3c(Cc4ccc5cscc5c-34)c2c2cscc12,1.409282967383486
791,[nH]1c2ccc3ccccc3c2c2c3cscc3c3cc(cnc3c12)-c1nccs1,2.8745034080341303
792,c1ccc2c(c1)c1=C[SiH2]C=c1c1c3CC(=Cc3c3c[nH]cc3c21)c1nccc2nsnc12,4.495514157036529
793,c1cnc(s1)-c1Cc(cc1)-c1ccc([se]1)-c1ccccn1,4.491849248538939
794,c1[SiH2]c(cc1)-c1ccc(-c2ccc(cc2)-c2scc3cc[se]c23)c2cscc12,2.4574040410468188
795,C1C=Cc2oc(cc12)-c1cc2[se]ccc2c2cscc12,2.392111512257792
796,c1cc2cc3c4c[nH]cc4c4ccncc4c3cc2o1,0.6632426720840247
797,c1ccc(cc1)C1=Cc2c(C1)c1ncc3ccc4=C[SiH2]C=c4c3c1c1ccccc21,3.919280030922632
798,[nH]1c(cc2[SiH2]ccc12)-c1cnc2ccc3cocc3c2c1,0.0
799,c1cnc2c3sc4cc(cnc4c3c3=C[SiH2]C=c3c2c1)-c1cccc2cocc12,4.151893728395135
800,C1C=CC=C1c1cc2c(o1)c1c3nsnc3c3C=CCc3c1c1ccccc21,4.0918046187651855
801,C1C=c2c3C=CCc3c3cc4c5c[nH]cc5c(cc4cc3c2=C1)-c1scc2C=CCc12,0.9195978355222104
802,c1cnc(s1)-c1cc2c3c[nH]cc3c3c(cnc4ccc5=CCC=c5c34)c2[se]1,2.9414325375988883
803,c1ccc(s1)-c1cc2ncc3c(ccc4cccnc34)c2c2=CCC=c12,2.7044314485032994
804,c1cc2c3cscc3c3c4oc(cc4cnc3c2s1)-c1cccnc1,2.436081716727996
805,c1cc2oc3cc4cc(cnc4cc3c2c2nsnc12)-c1cncc2nsnc12,9.790344257058324
806,[nH]1ccc2[se]c3c(c12)c1=C[SiH2]C=c1c1cc(-c2cccc4cocc24)c2c[nH]cc2c31,0.0
807,c1ccc(o1)-c1ccc(-c2sc(c3Cccc23)-c2scc3cc[nH]c23)c2nsnc12,4.851509107999124
808,c1sc(-c2ccc(s2)-c2ccc(o2)-c2ccccc2)c2nccnc12,7.123133892082502
809,c1sc(-c2cc3cc4[se]c5ccncc5c4cc3o2)c2CC=Cc12,0.0
810,c1sc(-c2cc3ncc4c(oc5ccc6nsnc6c45)c3c3nsnc23)c2ccoc12,7.51398653066396
811,c1sc(-c2cc3[se]c4ccncc4c3c3c[nH]cc23)c2[nH]ccc12,1.6803637701160243
812,[nH]1c2ccc3=CCC=c3c2c2ncc3cc(-c4scc5C=CCc45)c4cocc4c3c12,1.8835823595571533
813,c1ccc(o1)-c1sc(-c2ccc(-c3ccc[se]3)c3cocc23)c2sccc12,3.674804779718417
814,[nH]1c(cc2c1c1[nH]c3ccccc3c1c1ccccc21)-c1scc2nccnc12,6.603192347424296
815,C1C=Cc2cc3ncc4cc(-c5cncc6nsnc56)c5ccccc5c4c3cc12,8.97464267162507
816,c1cc2sc3c4sc(cc4c4=C[SiH2]C=c4c3c2s1)-c1cccc2=C[SiH2]C=c12,4.524305817813492
817,c1cc2cc3sc4cc([se]c4c3cc2o1)-c1ccccn1,2.355161896471226
818,c1[SiH2]c2c(c1)c1c[SiH2]cc1c1c2ccc2ccc3c[SiH2]cc3c12,2.9099878972819586
819,[SiH2]1C=CC=C1c1cc2ccc3ccc4nsnc4c3c2o1,4.042566270562862
820,[nH]1c2cc[se]c2c2c1c1CC(=Cc1c1=CCC=c21)c1cccc2=CCC=c12,1.3774698481276422
821,[nH]1c2ccsc2c2sc3C=C(Cc3c12)c1ccccc1,1.380616639246504
822,c1cnc(s1)-c1ccc(s1)-c1ccc(-c2ccccn2)c2nsnc12,7.862740770665633
823,c1cc2cc3c4cocc4c4cc(ncc4c3cc2o1)-c1cccc2nsnc12,5.865799971243072
824,c1cnc(s1)-c1ccc(o1)-c1ccc(-c2cccc3ccccc23)c2cCcc12,3.1916953157973027
825,c1cc2c3nsnc3c3c4[SiH2]C(=Cc4c4c[nH]cc4c3c2o1)c1cccc2c[nH]cc12,1.2315683110160542
826,c1cnc(s1)-c1ccc([se]1)-c1sc(-c2ccccn2)c2ccsc12,5.432954252233519
827,c1cc2c3c[nH]cc3c3c4c5cocc5c(cc4c4=CCC=c4c3c2s1)-c1cncs1,2.44465721589744
828,c1ccc([se]1)-c1sc(-c2ccc(-c3scc4sccc34)c3nsnc23)c2nccnc12,9.539739195077717
829,[nH]1c2cc(ccc2c2c1c1c3ccccc3ccc1c1ccccc21)-c1nccs1,3.259217562379832
830,[nH]1c2cc(cnc2c2oc3ccc4c[nH]cc4c3c12)-c1cccc2ccccc12,0.8848466089230881
831,c1ccc(s1)-c1ccc(-c2ccc(cn2)-c2nccc3nsnc23)c2c[SiH2]cc12,7.769135957780607
832,c1[SiH2]c(cc1)-c1sc(-c2sc(-c3cccc4cocc34)c3cc[se]c23)c2cc[nH]c12,1.9747565649039576
833,c1cc2ccc3cc4cc(ccc4cc3c2s1)-c1scc2cc[nH]c12,2.133166426106205
834,c1ccc(s1)-c1cc2ncc3c4sccc4c4=C[SiH2]C=c4c3c2c2=CCC=c12,3.76466880803812
835,c1cc2c(s1)c1oc3cc(-c4ccccn4)c4nsnc4c3c1c1=C[SiH2]C=c21,5.515149436584788
836,[SiH2]1C=c2c3C=C[SiH2]c3c3[se]c4C=C([SiH2]c4c3c2=C1)c1ccc[se]1,0.0
837,c1cnc(-c2cc3sc4c(c3[se]2)c2=C[SiH2]C=c2c2ccc3=C[SiH2]C=c3c42)c2nsnc12,7.891748274244091
838,c1ccc(-c2cc3ccc4c(oc5ccc6cscc6c45)c3c3c[nH]cc23)c2nsnc12,4.447759598803818
839,c1ncc(s1)-c1ccc(-c2ccc(cn2)-c2scc3ccCc23)c2c[nH]cc12,2.291708823787155
840,c1cc2ncc3c(c2s1)c1=CCC=c1c1cc(-c2scc4[nH]ccc24)c2=CCC=c2c31,1.735873901614421
841,c1c-c2c(-nc1)c1Cc3ccccc3c1c1c[SiH2]cc21,3.43376719555064
842,c1sc(-c2sc(-c3ncc(s3)-c3scc4occc34)c3cc[nH]c23)c2cc[SiH2]c12,4.041866059029814
843,[nH]1c(ccc1-c1cccnc1)-c1sc(-c2scc3[se]ccc23)c2ccoc12,4.162602356606869
844,[SiH2]1C=c2c3cc(oc3c3cnc4ccc5nsnc5c4c3c2=C1)C1=CC=C[SiH2]1,4.889125654188176
845,c1sc(-c2cnc(s2)-c2sc(-c3ccccc3)c3nccnc23)c2cc[se]c12,9.648699509890577
846,[SiH2]1C=c2c(cc3c4nsnc4c4c5[se]ccc5c5cscc5c4c3c2=C1)C1=CC=C[SiH2]1,5.929549273082973
847,[nH]1c2cc(oc2c2sc3ccc4c[nH]cc4c3c12)-c1ncncn1,3.157829831919122
848,c1cc2[se]c3c(ncc4cc(ccc34)-c3cccc4ccccc34)c2c2nsnc12,4.664106151882836
849,[nH]1c2cc(-c3cccc4nsnc34)c3c[nH]cc3c2c2cnc3ccc4=CCC=c4c3c12,4.021089605662008
850,[nH]1c(cc2[SiH2]c3c4[SiH2]C=Cc4c4c[nH]cc4c3-c12)-c1scc2ccoc12,0.0
851,c1ccc(s1)-c1ncc(s1)-c1sc(-c2cccc3cscc23)c2nccnc12,8.612343680483907
852,c1ccc([se]1)C1=Cc2c(C1)c1c3c[nH]cc3c3ccc4=CCC=c4c3c1c1c[nH]cc21,0.0
853,c1cc2c(s1)c1ncc3cc([se]c3c1c1ccccc21)-c1scc2cc[se]c12,3.134289698902002
854,c1ccc(o1)-c1cc2[se]c3c(c4cscc4c4cccnc34)c2[se]1,2.9640623855535013
855,c1cnc(s1)-c1ccc(-c2ccc(o2)-c2cncc3nsnc23)c2nsnc12,10.201388785359754
856,c1sc(-c2cc3c(o2)c2cc4c(ccc5ccccc45)cc2c2=CCC=c32)c2C=C[SiH2]c12,1.751843288803436
857,[nH]1cccc1-c1cc2c3cocc3c3cc[nH]c3c2c2=C[SiH2]C=c12,1.917400500009966
858,c1sc(-c2cnc3c(c2)c2ccccc2c2c4ncccc4c4c[nH]cc4c32)c2ccoc12,2.5481065974581827
859,c1sc(-c2cc3oc4c(ncc5ccncc45)c3c3cscc23)c2cc[nH]c12,3.2618692046976805
860,c1cc2ccc3c4oc(cc4c4ccccc4c3c2o1)-c1scc2[se]ccc12,2.4368619980435304
861,c1sc(c2Cccc12)-c1sc(-c2sc(-c3scc4ccoc34)c3ccoc23)c2sccc12,3.411662474534628
862,[nH]1c2ccc3cscc3c2c2c3cCcc3c3-cc[o]-c3c12,0.9452721085605064
863,C1C=Cc2c1c1c3cscc3c3cc(C4=CC=C[SiH2]4)c4nsnc4c3c1c1=C[SiH2]C=c21,3.606071258412481
864,c1sc(-c2ccc(s2)-c2Cc(cc2)-c2cncc3nsnc23)c2ccsc12,8.28255503228416
865,c1ncc(s1)-c1sc(-c2sc(-c3scc4[se]ccc34)c3cc[se]c23)c2cc[nH]c12,5.138473394353005
866,[nH]1c2ccccc2c2cnc3cc(-c4cccc5cocc45)c4nsnc4c3c12,5.210701888287256
867,[nH]1c(cc2c3c[nH]cc3c3cc[se]c3c12)-c1scc2C=CCc12,0.0
868,c1cc2cc3cnc4C=C(Cc4c3cc2c2cscc12)c1ncncn1,4.851911756977738
869,c1ccc(cc1)-c1cc2oc3c(c2c2nsnc12)c1=CCC=c1c1ccncc31,4.935740516755187
870,c1sc(-c2cc3cc4c(ccc5=C[SiH2]C=c45)cc3c3ccccc23)c2[se]ccc12,0.0
871,c1ccc(o1)-c1ccc(cn1)-c1sc(c2[SiH2]ccc12)-c1cccc2c[nH]cc12,1.6311660405662811
872,c1sc(-c2sc(-c3sc(-c4cccc5cocc45)c4ccsc34)c3ccCc23)c2ccoc12,3.61627266023565
873,c1sc(-c2ncc(s2)-c2sc(-c3cccc4cocc34)c3ccoc23)c2ccsc12,5.301700314353143
874,[nH]1c(ccc1-c1ncncn1)-c1ccc(s1)-c1nccc2nsnc12,9.309673359881618
875,c1sc(-c2cc3oc4cccnc4c3[se]2)c2cc[se]c12,4.155163137291916
876,c1cc2c(o1)c1oc3cc(-c4scc5C=CCc45)c4=CCC=c4c3c1c1ccccc21,0.0
877,C1C=Cc2csc(c12)-c1ccc2c3sc4C=C[SiH2]c4c3c3cocc3c2c1,2.129615707194522
878,c1[SiH2]c(cc1)-c1ccc(-c2ccc(cn2)-c2scc3ccCc23)c2cscc12,2.6640201157576144
879,c1Cc(cc1)-c1cnc(-c2ccc(nc2)-c2cccnc2)c2nsnc12,8.867895153851245
880,c1cc2cc3c(cc2s1)c1sc(cc1c1ccccc31)-c1nccc2nsnc12,8.134479272578476
881,C1C=Cc2cc3ccc(cc3cc12)-c1cccc2c[nH]cc12,0.6300857383602201
882,c1cc2ccc3c(sc4cc(-c5scc6ccsc56)c5cscc5c34)c2[se]1,5.960552142022318
883,[nH]1ccc2Cc3cc(-c4scc5[SiH2]C=Cc45)c4ccccc4c3-c12,1.0359535738806094
884,c1ccc(-c2ccc(-c3sc(-c4ncncn4)c4cc[se]c34)c3cocc23)c2cscc12,6.8365580587508985
885,[nH]1c(cc2cc3c(ccc4=C[SiH2]C=c34)cc12)-c1ccc[se]1,1.982348829136428
886,c1cc2sc3c(c4nsnc4c4cc(-c5scc6C=C[SiH2]c56)c5ccccc5c34)c2[se]1,5.314467378181551
887,c1cc2ccc3c(c4cocc4c4cc(-c5cccc6=C[SiH2]C=c56)c5nsnc5c34)c2s1,5.235563434860776
888,[nH]1ccc2c1c1c3ccccc3c3cc(C4=CC=C[SiH2]4)c4nsnc4c3c1c1=CCC=c21,2.728118765034113
889,c1sc(-c2ccc([se]2)-c2sc(c3Cccc23)-c2cccc3c[nH]cc23)c2cc[nH]c12,0.998708017905171
890,c1cnc(s1)-c1ccc(-c2ccc(-c3cccc4cscc34)c3cocc23)c2cCcc12,3.653352168652997
891,c1ccc(-c2sc(-c3ccc([se]3)-c3nccc4nsnc34)c3ccsc23)c2cocc12,9.155371817371858
892,C1C=Cc2c1c1sc3cc([se]c3c1c1ccccc21)-c1scc2sccc12,3.639192238470349
893,c1cc2c3cscc3c3c(oc4cc([se]c34)-c3ncncn3)c2c2=CCC=c12,6.159149166630626
894,c1sc(c2C=CCc12)-c1cc2cnc3c4cnccc4c4cocc4c3c2c2=C[SiH2]C=c12,5.031298170783913
895,c1cc2ccc3cc4cc(-c5cccnc5)c5cocc5c4cc3c2[se]1,1.81318851954434
896,c1ncc(s1)-c1sc(-c2sc(-c3cccc4ccccc34)c3nccnc23)c2nccnc12,0.0
897,c1cc2ncc3c(ncc4cc(-c5cccc6=C[SiH2]C=c56)c5cscc5c34)c2cn1,5.548943773848246
898,c1cnc2cc3c(cnc4cc(-c5cccnc5)c5=C[SiH2]C=c5c34)cc2c1,4.300561042919879
899,[nH]1c2ccc3cscc3c2c2sc3cc(-c4cccc5=C[SiH2]C=c45)c4cocc4c3c12,3.704714126007103
900,c1ccc(o1)-c1sc(-c2ncc(s2)-c2cccc3cocc23)c2occc12,4.338140243874757
901,[nH]1ccc2Cc3c(-c12)c1nsnc1c1cc(-c2cncs2)c2=C[SiH2]C=c2c31,6.162389662811325
902,c1sc(-c2cc3oc4ccc5=C[SiH2]C=c5c4c3s2)c2[se]ccc12,1.8674475304456248
903,[nH]1c(cc2c3nsnc3c3c4ncccc4c4=C[SiH2]C=c4c3c12)-c1ccccc1,4.881878169037016
904,c1sc(-c2ncc(s2)-c2ncc(s2)-c2cccc3c[nH]cc23)c2Cccc12,3.816977655866804
905,c1cc2oc3c(c4nsnc4c4cc(-c5scc6occc56)c5cocc5c34)c2o1,5.666218632410846
906,c1cnc(s1)-c1cc2ccc3c([se]c4ccc5cscc5c34)c2s1,3.4370117200876376
907,C1C=CC=C1c1cc2sc3c(c4c[nH]cc4c4ccncc34)c2c2ccccc12,1.6393809557083814
908,c1cc2cnc3c4ccc(cc4[se]c3c2c2cscc12)-c1ncncn1,4.02827257113468
909,c1ccc([se]1)-c1cc2ncc3c4c5cocc5ccc4c4cocc4c3c2c2cscc12,2.913634534356345
910,c1ncc(s1)-c1cc2oc3c4ccccc4sc3c2c2c[nH]cc12,2.287531059946148
911,c1cc2oc3c(c2[se]1)c1=C[SiH2]C=c1c1cc(-c2cncs2)c2ccccc2c31,4.606583451473092
912,c1cc2c3nsnc3c3c4sc(cc4sc3c2s1)-c1nccc2nsnc12,8.760936943640605
913,[nH]1ccc2c3nsnc3c3c4sc(cc4c4=CCC=c4c3c12)-c1ccc[se]1,4.079544820794591
914,[nH]1ccc2cnc3c(c4cocc4c4cc(-c5ncncn5)c5c[nH]cc5c34)c12,3.0277867837269303
915,c1cnc(s1)-c1ccc(cn1)-c1sc(-c2ccccc2)c2ccoc12,3.912948242521784
916,[nH]1c(cc2c1c1c3nsnc3c3cccnc3c1c1=C[SiH2]C=c21)-c1cccc2cocc12,4.856675843058957
917,[nH]1-c-2c([SiH2]c3ccc4ccccc4c-23)-c2c1ccc1cCcc21,0.7466521932863588
918,c1ccc(nc1)C1=Cc2c(C1)c1cnc3ccc4ccccc4c3c1c1cscc21,2.976799538983141
919,c1sc(-c2cc3c(o2)c2c4c[nH]cc4c4ccncc4c2c2ccccc32)c2ccoc12,2.519069819421337
920,[nH]1ccc2ccc3c4c5ccccc5c(cc4c4=C[SiH2]C=c4c3c12)-c1scc2sccc12,0.0
921,c1ncc(s1)-c1cc2ncc3c(oc4ccc5c[nH]cc5c34)c2c2=C[SiH2]C=c12,4.111116798459322
922,c1ccc([se]1)-c1ccc(-c2ccc(-c3scc4nccnc34)c3nsnc23)c2cocc12,8.332810876183824
923,C1C=CC=C1c1cc2c(c3nsnc13)c1c3cscc3c3cc[se]c3c1c1=C[SiH2]C=c21,1.9855899647725848
924,[nH]1ccc2Cc3c4CC(=Cc4c4=C[SiH2]C=c4c3-c12)c1scc2cc[nH]c12,0.0
925,[nH]1c2cc[se]c2c2oc3cc(-c4scc5[nH]ccc45)c4c[nH]cc4c3c12,1.1273644579914566
926,[nH]1ccc2c3cscc3c3c4CC(=Cc4cnc3c12)c1ncncn1,4.703039049464628
927,[SiH2]1C=CC=C1c1cc2c3ccccc3c3c4occc4c4nsnc4c3c2c2c[nH]cc12,2.985986762548984
928,c1sc(-c2[SiH2]c(cc2)-c2ccc(-c3cccc4nsnc34)c3cCcc23)c2ccsc12,4.355438637131296
929,[nH]1cccc1C1=Cc2[se]c3c4[se]ccc4c4=C[SiH2]C=c4c3c2C1,1.6657916155832428
930,[nH]1-c2c(-c3c1ccc1cscc31)c1cocc1c1ccc3cscc3c21,2.264637438229224
931,[nH]1c2C=C(Cc2c2oc3ccc4=C[SiH2]C=c4c3c12)c1cncc2nsnc12,6.022849178734346
932,c1sc(-c2cc3c(cn2)c2oc4ccc5=CCC=c5c4c2c2=CCC=c32)c2nccnc12,5.826642537645289
933,c1ccc(cc1)-c1cc2c3cocc3c3c4ccccc4oc3c2[se]1,2.065434404730587
934,[nH]1c(cc2[nH]c3c4occc4c4=CCC=c4c3c12)-c1scc2sccc12,1.0409860962532451
935,c1cc2cnc3c(cnc4cc(-c5cccc6cscc56)c5c[nH]cc5c34)c2o1,1.6265887117066995
936,[nH]1ccc2sc3c4sc(cc4c4ccccc4c3c12)-c1scc2CC=Cc12,1.9935672179530808
937,[nH]1c(cc2[nH]c3c4ccccc4sc3c12)C1=CC=C[SiH2]1,1.2179872678123451
938,c1ccc(o1)-c1cnc2c3oc4ccc5cscc5c4c3ncc2c1,0.0
939,c1ccc([se]1)-c1cc2oc3c(cnc4ccc5=C[SiH2]C=c5c34)c2c2cocc12,2.0378095877479026
940,c1cc2cnc3c(c4cocc4c4cc(-c5cncs5)c5=C[SiH2]C=c5c34)c2[se]1,5.714514797792216
941,c1ncc(s1)-c1cnc2c(c1)c1cocc1c1c3c4cocc4ccc3c3=C[SiH2]C=c3c21,4.510297674678803
942,C1C=CC=C1c1cc2c3c[nH]cc3c3c4occc4oc3c2c2cocc12,1.230405872692675
943,C1C=Cc2cc3c4nsnc4c4C=C([SiH2]c4c3cc12)c1cccc2c[nH]cc12,2.936973733552137
944,c1ccc(nc1)C1=Cc2cc3c(cc2[SiH2]1)c1ccccc1c1=CCC=c31,1.9558234085712
945,c1cc2c3nsnc3c3c([se]c4cc(-c5cccc6=CCC=c56)c5=C[SiH2]C=c5c34)c2[se]1,4.643871177297038
946,c1cc2cnc3cc(ncc3c2c2cscc12)-c1cccc2ccccc12,3.568081591724489
947,[nH]1cccc1-c1ccc(s1)-c1sc(c2Cccc12)-c1scc2cc[se]c12,2.525658152345577
948,[nH]1ccc2c3c[nH]cc3c3c(oc4cc(-c5cccc6ccccc56)c5cocc5c34)c12,0.6503267879015964
949,[SiH2]1C=CC=C1c1cc2ccc3c4sccc4c4nsnc4c3c2c2c[nH]cc12,3.157771960465308
950,[nH]1ccc2cc3c4c[nH]cc4c4cc(-c5ccccn5)c5cscc5c4c3cc12,1.1499207558874605
951,C1C=c2c3C=C[SiH2]c3c3c4ccccc4c4cc(sc4c3c2=C1)-c1scc2nccnc12,5.69658183276089
952,c1cc2c3c[nH]cc3c3c4cnc(cc4sc3c2s1)-c1scc2[nH]ccc12,1.5198235498230344
953,c1cnc2c(c1)oc1c2c2c[nH]cc2c2cc(ccc12)-c1cccc2ccccc12,1.0746911918000508
954,c1cc2c3cscc3c3c(c4cscc4c4ccc5ccccc5c34)c2c2cCcc12,2.679201633002799
955,[nH]1c2ccsc2c2ccc3cc([se]c3c12)-c1cccc2=CCC=c12,2.70110239521394
956,[nH]1ccc2[nH]c3c(c12)c1=C[SiH2]C=c1c1cc(-c2scc4ccsc24)c2c[nH]cc2c31,0.0
957,C1C=Cc2csc(c12)-c1cc2c([se]1)c1cnc3C=CCc3c1c1=C[SiH2]C=c21,4.066451542431938
958,c1cnc(s1)-c1sc(-c2ncc(s2)-c2ccc[se]2)c2sccc12,6.518548814693308
959,c1cc2ccc(cc2o1)-c1cc2cnccc2c2=CCC=c12,2.0297174761962373
960,c1cc2ncc3cc(ncc3c2cn1)-c1cccc2cocc12,4.519416990526283
961,c1sc(C2=Cc3c(C2)c2ccc4ccc5=CCC=c5c4c2c2ccccc32)c2ccoc12,2.357562773668222
962,c1ccc(nc1)-c1cc2c(c3cscc13)c1[se]c3ccncc3c1c1=C[SiH2]C=c21,5.729812800122594
963,C1C=Cc2c1c1c3c[nH]cc3c3cc(-c4ccco4)c4c[nH]cc4c3c1c1ccccc21,0.2323880809122293
964,c1sc(-c2cc3cc4c5cocc5c5cccnc5c4cc3c3cocc23)c2occc12,2.4599955927614445
965,c1cc2c3c[nH]cc3c3c4cnc(cc4ncc3c2cn1)-c1ncncn1,0.0
966,c1cc2c3cocc3c3c4[se]c(cc4ncc3c2[se]1)-c1ccccn1,3.466967076489284
967,c1sc(-c2cc3sc4c(c5cscc5c5ccc6cocc6c45)c3s2)c2[SiH2]C=Cc12,3.4467117507771654
968,[nH]1c(cc2c1ccc1cCcc21)-c1cnc2ccncc2c1,2.778161599307512
969,c1sc(-c2ccc(cc2)-c2ncc(s2)-c2ccccc2)c2cc[SiH2]c12,2.3557903502668784
970,c1ccc(s1)-c1sc(c2[SiH2]ccc12)-c1sc(-c2scc3[nH]ccc23)c2ccsc12,2.495308493504808
971,[nH]1ccc2c3nsnc3c3c4oc(cc4ncc3c12)-c1cccc2c[nH]cc12,3.613037315443488
972,c1sc(-c2cc3ncc4c(sc5ccc6ccccc6c45)c3c3=C[SiH2]C=c23)c2ccoc12,4.839032376214167
973,c1sc(-c2ccc(cn2)-c2cnc(-c3cccc4nsnc34)c3nsnc23)c2ccCc12,9.296192243402016
974,c1cc2sc3c(oc4cc(-c5nccs5)c5ccccc5c34)c2o1,2.8348069062918984
975,c1sc(-c2ncc(s2)-c2ccc(-c3cccc4ccccc34)c3nsnc23)c2ccoc12,7.114709518970347
976,[nH]1c2ccncc2c2ncc3cc([se]c3c12)-c1ccccn1,2.7863543192506905
977,Cn1cccc1-c1sc(-c2ccc[se]2)c2ccsc12,2.171045061023148
978,c1sc(-c2sc(-c3sc(-c4ncncn4)c4cc[nH]c34)c3cc[SiH2]c23)c2cc[nH]c12,4.434172693619883
979,c1ccc(-c2ccc(-c3ccc(s3)-c3cccc4cscc34)c3cscc23)c2c[nH]cc12,2.4575725227545284
980,c1sc(-c2sc(-c3ccc(-c4ncncn4)c4c[SiH2]cc34)c3ccsc23)c2cc[nH]c12,5.916980238431718
981,C1C=c2c3ccsc3c3ccc4cc(C5=CC=CC5)c5nsnc5c4c3c2=C1,3.824095344618259
982,[nH]1c(cc2c3cocc3c3c(ncc4ccc5cscc5c34)c12)-c1cccnc1,2.200958293453303
983,c1cc2cc3c(cc2s1)c1oc(cc1c1ccccc31)-c1scc2[nH]ccc12,1.4462906638307709
984,c1cc2cc3c(cc2o1)c1c2c[nH]cc2c(cc1c1=CCC=c31)-c1ncncn1,3.1585428751303293
985,c1ccc2c(cnc3c4[SiH2]C(=Cc4c4c[nH]cc4c23)c2cncc3nsnc23)c1,6.476884187252643
986,c1cc2-[s]c3c(ccc4ccc5c[nH]cc5c34)-c2c2cocc12,1.1277428464855823
987,[nH]1c2cccnc2c2c3cocc3c3cc(ccc3c12)-c1ccccn1,1.467794927170672
988,[SiH2]1C=CC=C1c1cc2c3cocc3c3cccnc3c2c2cscc12,2.7550327471230416
989,c1ccc(cn1)-c1ccc(-c2sc(-c3ncncn3)c3cc[se]c23)c2cscc12,7.592167498590668
990,[nH]1c2cc(-c3ncncn3)c3c[nH]cc3c2c2c3nsnc3c3ccc4cocc4c3c12,4.589469553327805
991,c1cc2cnc3cc4C=C(Cc4cc3c2o1)c1scc2ccoc12,2.2976069431692943
992,c1ccc(C2=Cc3cc4ncc5ccc6=CCC=c6c5c4cc3[SiH2]2)c2ccccc12,2.6296946729754094
993,c1ccc(cc1)-c1cc2oc3c(oc4ccc5c[nH]cc5c34)c2c2nsnc12,4.227722497923447
994,[nH]1c(cc2c1ccc1ccccc21)-c1cc2cnccc2c2=CCC=c12,2.626796112363224
995,[nH]1c2ccsc2c2ccc3cc(ncc3c12)-c1ccccn1,1.188248253964474
996,[nH]1ccc2c1c1c(c3[SiH2]C(=Cc3c3=CCC=c13)c1scc3C=C[SiH2]c13)c1=C[SiH2]C=c21,0.6220036326720052
997,[SiH2]1C=Cc2[se]c3c([se]c4cc(sc34)-c3ccccn3)c12,3.3205665314940527
998,[nH]1ccc2oc3c(oc4cc(-c5scc6[se]ccc56)c5c[nH]cc5c34)c12,1.2956770620330884
999,c1ccc([se]1)-c1sc(-c2sc(-c3scc4cc[se]c34)c3nccnc23)c2nccnc12,9.03581328473789
