smiles,pce_1
[nH]1c(ccc1-c1ccc(-c2scc3sccc23)c2c[SiH2]cc12)-c1ccccn1,4.084958479865352
C1C=Cc2oc3c4oc(cc4c4=C[SiH2]C=c4c3c12)-c1ncncn1,4.818579532143787
[nH]1cccc1-c1cc2[nH]c3c(sc4ccc5c[nH]cc5c34)c2c2cscc12,0.9201063560600916
c1sc(-c2cc3c([se]2)c2sc4ccc5cscc5c4c2c2ccccc32)c2nccnc12,0.0
c1ccc(cn1)-c1cc2cc3c4cocc4c4ccc5nsnc5c4c3cc2c2=C[SiH2]C=c12,5.629910375941409
c1ccc(cc1)-c1cc2ccc3c(ncc4ccc5=C[SiH2]C=c5c34)c2c2cocc12,0.0
[nH]1c(cc2sc3c4[SiH2]C=Cc4c4c[nH]cc4c3c12)-c1scc2cc[se]c12,0.0
c1cc2oc3c(c2[se]1)c1ccccc1c1ccc2cCcc2c31,2.810743404005299
c1ccc(s1)-c1sc(c2Cccc12)-c1sc(-c2ccccc2)c2[se]ccc12,3.5442911744584795
c1sc(-c2ccc(cn2)-c2ccc(cn2)-c2cccc3c[SiH2]cc23)c2[nH]ccc12,4.066724307670762
c1ccc(s1)-c1cc2[se]c3c(c4cocc4c4ccncc34)c2c2=C[SiH2]C=c12,2.2092952335627216
C1C=Cc2c1c1sc3cc(-c4cncc5nsnc45)c4c[nH]cc4c3c1c1nsnc21,7.502104798597855
c1sc(c2[SiH2]C=Cc12)-c1ccc2c(c1)sc1c2c2=C[SiH2]C=c2c2ccncc12,4.595288317885675
c1sc(-c2cc3cc4sc5ccc6cocc6c5c4cc3o2)c2CC=Cc12,0.0
[nH]1c2C=C(Cc2c2cnccc12)c1ccccn1,2.623678605760849
c1sc(-c2Cc(cc2)-c2ccc(-c3scc4occc34)c3cocc23)c2cc[nH]c12,1.7424596647208814
[nH]1c2cc(-c3cccc4ccccc34)c3ccccc3c2c2[se]c3ccsc3c12,1.1397245390624624
c1cc2cc3c(cc(-c4ccccn4)c4=C[SiH2]C=c34)cc2s1,2.983996089334864
c1ccc([se]1)-c1ccc(-c2sc(-c3ccccn3)c3[se]ccc23)c2nsnc12,8.11868451122567
c1sc(C2=Cc3cnc4ccncc4c3[SiH2]2)c2ccsc12,5.618945833673124
c1sc(-c2sc(-c3sc(c4[SiH2]ccc34)-c3ncncn3)c3cc[SiH2]c23)c2ccsc12,0.0
[nH]1c2cc(-c3cccnc3)c3nsnc3c2c2cc3ccccc3cc12,4.703815890274838
[nH]1c(cc2c3cscc3c3c4CC=Cc4c4ccccc4c3c12)-c1scc2[SiH2]C=Cc12,1.5303685788924477
[nH]1cccc1-c1ccc([se]1)-c1ccc(-c2cccnc2)c2nsnc12,7.165338087161181
[nH]1cccc1-c1cc2ncc3c4[SiH2]C=Cc4ncc3c2c2=CCC=c12,2.990314189490126
[nH]1c(cc2c1c1c(c3ccccc23)c2ccccc2c2=C[SiH2]C=c12)-c1scc2sccc12,3.127179964473266
c1sc(-c2sc(-c3sc(-c4scc5ccsc45)c4cc[SiH2]c34)c3[nH]ccc23)c2[nH]ccc12,1.4294270801694948
c1sc(-c2ccc(s2)-c2ccc([se]2)-c2cccc3c[SiH2]cc23)c2sccc12,4.344606539705002
[nH]1c(cc2cnc3c4ccccc4[se]c3c12)-c1scc2CC=Cc12,1.6983382075543203
[nH]1c2C=C(Cc2c2c3cocc3c3ccc4=C[SiH2]C=c4c3c12)c1scc2cc[se]c12,1.1017055981214117
C1C=Cc2ncc3c4cnc(cc4c4=C[SiH2]C=c4c3c12)-c1cccs1,2.9077347371485187
c1ncc(s1)-c1cc2c(o1)c1ncc3ccc4=C[SiH2]C=c4c3c1c1=C[SiH2]C=c21,6.180004660118716
c1cc2c3cocc3c3c4sc(cc4c4cocc4c3c2cn1)-c1cccc2=CCC=c12,3.639112381816532
c1sc(-c2cnc3cc4c(cc3c2)oc2ccc3=CCC=c3c42)c2[se]ccc12,3.5883682566673496
[nH]1c(cc2ncc3c(ncc4ccc5=CCC=c5c34)c12)-c1scc2[se]ccc12,3.1075571520261587
C1C=Cc2oc(cc12)C1=CC=C[SiH2]1,1.493684447775802
[nH]1cccc1-c1sc(-c2ccc([nH]2)-c2cccc3cocc23)c2occc12,1.3306846603987603
c1sc(C2=Cc3c([SiH2]2)c2sc4cccnc4c2c2=CCC=c32)c2cc[se]c12,0.0
[nH]1c(cc2Cc3cc4ccc5=C[SiH2]C=c5c4cc3-c12)-c1scc2C=CCc12,2.0224056029852444
c1cc2[se]c3cc4cc(ncc4cc3c2cn1)-c1ncncn1,5.635405153158359
[nH]1c2ccsc2c2c1c1c3nsnc3c(cc1c1=CCC=c21)-c1scc2sccc12,5.860739235818189
c1Cc(cc1)-c1Cc(cc1)-c1ncc(-c2ccccn2)c2nsnc12,7.023931325417988
[nH]1c(cc2c3cscc3c3ccc4c[nH]cc4c3c12)-c1nccs1,1.6567625269629684
[nH]1c2ccc3cCcc3c2c2[se]c3-cc[SiH2]c3c12,1.108595384313632
c1ccc(C2=Cc3cc4sc5ccc6ccccc6c5c4cc3C2)c2nsnc12,5.715598542123604
[nH]1c2C=C[SiH2]c2c2c1cc(-c1ncncn1)c1cocc21,3.326952437837228
c1cc2sc3c4CC(=Cc4c4nsnc4c3c2[se]1)c1scc2ccsc12,5.034813217183595
[nH]1c(cc2Cc3cc4ccc5c[nH]cc5c4cc3-c12)-c1cccc2ccccc12,0.6428057588111852
[nH]1cccc1-c1cc2c3nsnc3c3c(oc4ccc5=C[SiH2]C=c5c34)c2c2=CCC=c12,3.624466450092192
[nH]1c(ccc1-c1cccc2cscc12)-c1ccc(cc1)-c1cccc2c[nH]cc12,1.6205426975381496
[nH]1c(cc2c1c1cc3sccc3cc1c1=CCC=c21)-c1scc2CC=Cc12,1.1393617432341434
C1C=Cc2c1c1ccc(cc1c1cscc21)-c1ncncn1,3.609639392742813
[nH]1cccc1-c1cc2[se]c3c4[nH]ccc4[nH]c3c2s1,0.6755933180938842
c1cc2c([se]1)c1cc3[SiH2]C(=Cc3cc1c1=CCC=c21)c1cncc2nsnc12,7.948798740169614
[nH]1c(cc2c3cocc3c3c4CC=Cc4c4=CCC=c4c3c12)-c1cccc2ccccc12,1.0202901081826254
c1c-c2c(-nc1)c1-ncc3ccc4cocc4c3-c1c1c[nH]cc21,1.2953454687745365
[SiH2]1C=c2ccc3sc(cc3c2=C1)-c1cc2[SiH2]C=Cc2s1,3.4715947461666072
[SiH2]1C=CC=C1c1cc2c3cscc3c3c4[se]ccc4oc3c2c2cocc12,3.4016203181661018
c1cc2c(cn1)c1oc3cc(-c4ncncn4)c4nsnc4c3c1c1=C[SiH2]C=c21,7.671221171903642
[nH]1cccc1-c1sc(-c2sc(c3Cccc23)-c2cncc3nsnc23)c2occc12,6.431027696103735
c1sc(-c2cc3oc4ccccc4c3cn2)c2cc[nH]c12,1.578780138217542
c1sc(-c2sc(-c3ccc([se]3)-c3cncc4nsnc34)c3occc23)c2ccoc12,9.449873180157264
[SiH2]1C=Cc2c1c1[se]c(cc1c1cscc21)-c1scc2[se]ccc12,4.113780588451326
[nH]1ccc2ccc3c(oc4cc(-c5ncncn5)c5nsnc5c34)c12,6.740024058357888
c1ncc(s1)-c1cc2[se]c3c(c4cocc4c4ccc5ccccc5c34)c2c2nsnc12,7.078565298831284
c1sc(-c2cc3cc4c5nsnc5c5cccnc5c4cc3s2)c2nccnc12,9.054301842812436
[nH]1c2cc(-c3nccs3)c3=CCC=c3c2c2ncc3ccc4ccccc4c3c12,3.120609184207649
c1ccc(s1)-c1sc(-c2sc(-c3ccc[se]3)c3sccc23)c2occc12,4.55963616252027
c1ccc(cc1)C1=Cc2cnc3c(sc4ccc5=CCC=c5c34)c2C1,2.5652644076740287
c1ccc(s1)C1=Cc2c(C1)c1cnc3ccncc3c1c1cscc21,4.047902620062682
c1sc(-c2cc3c4c[nH]cc4c4c5cnccc5sc4c3c3cocc23)c2occc12,2.749861039576437
c1sc(-c2ccc3c(c2)sc2c3c3cscc3c3ccc4c[nH]cc4c23)c2occc12,2.013546899372655
c1c-c2c(-[o]1)c1c3cscc3c3ccc4cscc4c3c1c1cscc21,2.961656781704136
c1cc2oc(cc2c2nsnc12)-c1cc2c3nsnc3ccc2c2=CCC=c12,6.500459821389381
c1sc(c2[SiH2]ccc12)-c1sc(-c2Cc(cc2)-c2scc3[se]ccc23)c2[nH]ccc12,2.73316056095272
[SiH2]1C=Cc2c1c1ncc3cc(sc3c1c1cscc21)-c1ccccn1,3.372336769973354
c1ccc([se]1)-c1sc(c2[SiH2]ccc12)-c1ccc(-c2scc3[nH]ccc23)c2cCcc12,1.5581746552435325
c1cc2c3c[nH]cc3c3cc4C=C(Cc4cc3c2s1)c1cncc2nsnc12,7.164728930175245
c1sc(-c2cc3ncc4c(oc5ccc6=C[SiH2]C=c6c45)c3[se]2)c2C=CCc12,4.71520197848625
[nH]1c2C=C([SiH2]c2c2[se]c3ccc4cocc4c3c12)c1scc2CC=Cc12,1.9396861488083623
c1ccc(s1)-c1sc(-c2ncc(-c3cccc4cCcc34)c3nsnc23)c2ccoc12,6.807612341929936
[nH]1c(cc2[nH]c3c4[SiH2]C=Cc4c4cocc4c3c12)-c1scc2cc[nH]c12,0.2854570329318019
c1sc(-c2cc3c4ccccc4c4c5ncccc5sc4c3c3nsnc23)c2sccc12,6.572304103965288
[nH]1cccc1-c1ccc2cc3c(cc2c1)ncc1ccncc31,3.587388085073184
[nH]1cccc1-c1sc(-c2ccc(-c3ncncn3)c3ccccc23)c2cc[se]c12,5.045108940469252
[nH]1ccc2oc3c(c4cocc4c4cc(cnc34)-c3cccc4ccccc34)c12,1.1290511801898186
c1ccc(cc1)-c1ccc(cc1)-c1sc(-c2cncc3nsnc23)c2[nH]ccc12,6.996545827466878
[nH]1cccc1C1=Cc2c([SiH2]1)c1c3cocc3c3ccc4=CCC=c4c3c1c1cocc21,1.4650220111559813
c1cc2c3nsnc3c3c4oc(cc4ncc3c2s1)-c1cncs1,5.340414211458099
c1sc(c2C=CCc12)-c1cc2c3c[nH]cc3c3cc4cccnc4cc3c2c2cocc12,2.0064178827655725
c1[SiH2]c(cc1)-c1ccc(-c2cnc(s2)-c2cccc3cocc23)c2c[nH]cc12,2.412634263792932
c1cc2c3nsnc3c3c(oc4cc(-c5cncs5)c5cscc5c34)c2o1,5.357186067144308
c1sc(c2C=CCc12)-c1cc2sc3cc4ccc5c[nH]cc5c4cc3c2c2=CCC=c12,1.861321969514269
[nH]1cccc1-c1[SiH2]c(cc1)-c1sc(-c2cccc3ccccc23)c2cc[SiH2]c12,1.8509768920696004
c1sc(-c2cc3c(o2)c2ncc4ccc5ccccc5c4c2c2=CCC=c32)c2C=C[SiH2]c12,2.1975012775494527
[nH]1cccc1-c1ccc2c(c1)c1=CCC=c1c1c3ncccc3cnc21,2.682560640371652
c1cc2cnc3cc(-c4scc5nccnc45)c4cocc4c3c2[se]1,7.698181666524788
C1C=c2c3ccc4c[nH]cc4c3c3c4nsnc4c4cc(ncc4c3c2=C1)C1=CC=C[SiH2]1,3.1338210243778097
c1cc2c([se]1)c1cnc3cc(ncc3c1c1ccccc21)-c1scc2C=C[SiH2]c12,3.128647929527572
c1cc2c3nsnc3c(cc2c2c[nH]cc12)-c1cc2c3nsnc3ccc2c2=CCC=c12,4.48464145049931
c1ccc(o1)-c1ccc2c(c1)sc1c3sccc3c3cocc3c21,1.9092743516494364
[nH]1c2ccc3c[nH]cc3c2c2c3cocc3c3ccc4ccccc4c3c12,0.7094067355023923
c1sc(-c2cc3ccc4c([se]c5ccc6cocc6c45)c3cn2)c2occc12,2.3272158262102693
c1ccc(s1)-c1cnc2c3[se]c4ccccc4c3c3=C[SiH2]C=c3c2c1,4.212354262182845
C1C=CC=C1c1cc2oc3cc[se]c3c2o1,1.468943877862072
c1[SiH2]c(cc1)-c1sc(c2[SiH2]ccc12)-c1sc(-c2cccc3c[nH]cc23)c2cc[se]c12,2.0978062323411995
[nH]1c2cc(-c3scc4C=CCc34)c3=CCC=c3c2c2ccc3cc[se]c3c12,0.0
[nH]1c2cc(sc2c2oc3ccsc3c12)-c1cccc2ccccc12,1.292213961995923
[nH]1cccc1-c1cc2ccc3c(cnc4ccc5=CCC=c5c34)c2[se]1,2.347214707386546
c1ccc(s1)-c1ccc(-c2sc(-c3scc4Cccc34)c3ccoc23)c2cocc12,3.4558782891851405
c1ccc(-c2ccc(s2)-c2[SiH2]c(cc2)-c2cccc3ccccc23)c2cscc12,3.190683379386472
c1ncc(s1)-c1sc(-c2ccc(-c3scc4occc34)c3cscc23)c2ccoc12,5.896127190068263
[SiH2]1C=Cc2c1c1c3nsnc3c3cc([se]c3c1c1cscc21)-c1cncs1,0.0
c1[SiH2]c(cc1)-c1sc(-c2ccc(-c3ccc[se]3)c3cCcc23)c2ccCc12,2.44678575669136
[nH]1c2cc(ncc2c2c1c1c(ccc3=C[SiH2]C=c13)c1=C[SiH2]C=c21)-c1cncs1,5.727852295003698
[nH]1ccc2ncc3c(ncc4cc(-c5scc6ccsc56)c5cscc5c34)c12,3.306735404768757
c1sc(-c2cnc3c(c2)c2=C[SiH2]C=c2c2c4ncccc4c4c[nH]cc4c32)c2[se]ccc12,2.872135945388965
c1sc(-c2cc3cnc4cc5ccc6cscc6c5cc4c3c3cscc23)c2cc[se]c12,4.155063826262397
c1cnc2c3oc4cc(ncc4c3c3cocc3c2c1)-c1cccc2ccccc12,1.9237794284307748
c1sc(-c2sc(-c3ccccc3)c3cc[SiH2]c23)c2ccsc12,2.580432790894333
c1sc(-c2cc3cc4cc5c6cocc6ccc5cc4cc3c3c[nH]cc23)c2occc12,1.8456827066347543
c1sc(-c2cc3ccc4ccc5cscc5c4c3c3nsnc23)c2[nH]ccc12,4.221046119216637
c1ncc(s1)-c1ccc(-c2sc(-c3scc4ccoc34)c3sccc23)c2nsnc12,8.269516754068135
c1ccc(s1)-c1cc2ccc3c([se]c4ccc5nsnc5c34)c2cn1,5.652415619278942
c1cnc(C2=Cc3ncc4c(cnc5ccc6cscc6c45)c3C2)c2nsnc12,9.111758938556855
c1sc(-c2cc3c4cocc4c4c5ccccc5oc4c3c3nsnc23)c2[nH]ccc12,5.076723478279704
[nH]1ccc2[se]c3c4sc(cc4c4c[nH]cc4c3c12)-c1cccc2ccccc12,1.0411637470503194
c1sc(-c2cc3cc4cnc5ccc6ccccc6c5c4cc3[se]2)c2nccnc12,10.419739946232822
[nH]1c2ccc3nsnc3c2c2ncc3cc(oc3c12)-c1ccc[se]1,3.4511661316279856
[nH]1c-2c([SiH2]c3cc(-c4scc5ccsc45)c4cscc4c-23)c2c1ccc1ccccc21,2.8894487160268514
c1cc2cc3sc4cc(ncc4c3cc2s1)-c1scc2[nH]ccc12,2.1389435918487067
c1sc(-c2Cc(cc2)-c2sc(-c3cccc4c[SiH2]cc34)c3ccsc23)c2[se]ccc12,3.778219592693084
c1cnc(s1)-c1cc2c3c[nH]cc3c3cc4cc[se]c4cc3c2[se]1,2.622635138565585
c1c-c2[se]c3c(c2-nc1)c1ccccc1c1cccnc31,0.0
c1[SiH2]c(cc1)-c1sc(-c2cnc(s2)-c2scc3[se]ccc23)c2[SiH2]ccc12,4.772725136789468
[nH]1cccc1C1=Cc2c(C1)c1ccc3ccc4nsnc4c3c1c1=C[SiH2]C=c21,0.0
[nH]1ccc2c1c1sc3cc(-c4ncncn4)c4cocc4c3c1c1=C[SiH2]C=c21,4.921776490933349
c1cc2oc3c(ccc4cc(-c5scc6CC=Cc56)c5c[nH]cc5c34)c2[se]1,0.0
[nH]1c2ccoc2c2c3c[nH]cc3c3cc(-c4scc5CC=Cc45)c4=C[SiH2]C=c4c3c12,0.6675438008609997
c1cnc(s1)-c1sc(-c2sc(-c3scc4[SiH2]ccc34)c3cc[se]c23)c2ccsc12,5.711474765626961
[SiH2]1C=Cc2sc3cc4C=C([SiH2]c4cc3c12)c1cncc2nsnc12,7.677413539834774
[nH]1c2cccnc2c2c1c1c3c[nH]cc3c(cc1c1=CCC=c21)-c1ccccc1,0.7037369373266039
[nH]1cccc1C1=Cc2[nH]c3cc[se]c3c2C1,0.4033926551587741
c1cnc2cc3c4[SiH2]C(=Cc4c4cocc4c3cc2c1)c1cncc2nsnc12,8.628681577862642
[nH]1ccc2[nH]c3c4[nH]c(cc4c4nsnc4c3c12)-c1scc2[nH]ccc12,0.9485264087691696
[SiH2]1C=Cc2[se]c3c(ccc4cc(-c5scc6sccc56)c5ccccc5c34)c12,2.555711139708976
c1ccc(s1)-c1cc2c3cscc3c3c(cnc4ccccc34)c2[se]1,3.4238225249477545
[SiH2]1C=Cc2ccc3c(cnc4cc(cnc34)-c3cccs3)c12,2.44403525175914
c1sc(-c2ncc(s2)-c2ccc(o2)-c2cccc3c[nH]cc23)c2Cccc12,2.426059271223989
c1ncc(s1)-c1ccc(nc1)-c1sc(-c2cccc3cCcc23)c2[se]ccc12,5.015602881992608
c1Cc2c(-c1)c1nsnc1c1c3-[s]cc-c3c3nsnc3c21,6.545351333577826
c1cnc(s1)-c1ccc(-c2sc(c3Cccc23)-c2cccc3cocc23)c2c[nH]cc12,2.4956513743957096
c1ccc(o1)-c1cc2c3cscc3c3c4occc4c4nsnc4c3c2c2c[nH]cc12,3.589412228117986
C1C=Cc2c1c1[se]c3cc(sc3c1c1cocc21)-c1cccs1,2.788857791456524
[nH]1c(cc2ccc3c4CC=Cc4oc3c12)-c1ccccn1,0.8300323422199788
c1ncc(s1)C1=Cc2ccc3c(cnc4ccc5cscc5c34)c2C1,3.0074205674524075
c1cc2c(s1)c1c3c[nH]cc3c3cc(sc3c1c1ccccc21)-c1scc2cc[se]c12,0.0
[nH]1ccc2c1cc(C1=CC=CC1)c1=C[SiH2]C=c21,0.8182243126474626
c1sc(-c2[SiH2]c(cc2)-c2sc(-c3scc4ccoc34)c3ccCc23)c2sccc12,3.087817267248238
c1sc(c2CC=Cc12)-c1cc2oc3ccc4ccccc4c3c2c2c[nH]cc12,1.2792212601119508
C1C=c2cccc(-c3cc4c5cscc5c5c6CC=Cc6ccc5c4[se]3)c2=C1,2.775057736282306
c1ccc2c([SiH2]c3c2c2cCcc2c2ccc4nsnc4c32)c1,5.071661187069326
[nH]1cccc1-c1cnc2c(c1)ncc1ccc3nsnc3c21,6.05879712137591
[nH]1ccc2cc3[se]c4cc(-c5ccco5)c5c[nH]cc5c4c3cc12,0.8482099121394993
c1cc2oc3cc4cc(-c5cncc6nsnc56)c5=C[SiH2]C=c5c4cc3c2c2c[nH]cc12,6.6246889692729765
c1sc(-c2cc3sc4c(c3[se]2)c2ccccc2c2ccc3=C[SiH2]C=c3c42)c2cc[nH]c12,3.2821019198883614
[nH]1cccc1-c1cc2c3cscc3c3c(c4nsnc4c4ccc5cocc5c34)c2s1,5.151196320280863
c1cc2c(s1)c1cnc(cc1c1ccccc21)-c1cncs1,2.1543691382277013
[nH]1ccc2sc(cc12)-c1cc2c3cscc3ccc2cn1,1.9377146405328496
c1sc(-c2sc(-c3Cc(cc3)-c3cncc4nsnc34)c3[SiH2]ccc23)c2nccnc12,8.842925988081113
c1sc(-c2cc3cc4oc5ccc6cscc6c5c4cc3o2)c2occc12,2.6452519081879187
c1cc2c3nsnc3c3c4[SiH2]C(=Cc4c4cscc4c3c2s1)c1cccc2nsnc12,6.802543419915662
c1cc2c([se]1)c1CC(=Cc1c1=CCC=c21)c1scc2[se]ccc12,3.404567233213583
c1sc(-c2ncc(s2)-c2sc(-c3cccc4c[nH]cc34)c3ccsc23)c2cc[SiH2]c12,3.2074068704193053
c1sc(-c2cc3c4c[nH]cc4c4c5ncccc5sc4c3[se]2)c2occc12,2.554222154429225
[SiH2]1C=Cc2oc3c4[SiH2]C(=Cc4[se]c3c12)c1cncs1,4.1166422302136985
[nH]1c2-c3sccc3Cc2c2c1cc(-c1scc3sccc13)c1ccccc21,1.6316556873586223
c1sc(C2=Cc3[se]c4c(ncc5ccc6=CCC=c6c45)c3C2)c2C=CCc12,3.010126767029849
[nH]1c2ccsc2c2oc3cc(-c4scc5C=C[SiH2]c45)c4ccccc4c3c12,1.3412129345445043
[nH]1ccc2c3cocc3c3c([se]c4cc(-c5scc6occc56)c5ccccc5c34)c12,3.897119406546973
C1C=c2c(cc3c(c4[SiH2]C=Cc4c4=C[SiH2]C=c34)c2=C1)-c1scc2CC=Cc12,1.5283221522763442
[nH]1c-2c(Cc3cc(-c4scc5[se]ccc45)c4=CCC=c4c-23)c2c1ccc1cscc21,2.038679107395015
c1cc2oc3c4oc(cc4c4c[nH]cc4c3c2[se]1)-c1cccnc1,1.3530864667715037
c1ccc2cc3c4CC(=Cc4c4cscc4c3cc2c1)c1cccnc1,2.415729446865369
C1C=CC=C1C1=Cc2c(C1)c1c3cscc3c3ccsc3c1c1cscc21,2.936805521656103
c1cc2ccc3c4CC(=Cc4[se]c3c2[se]1)c1scc2cc[nH]c12,1.765157741196401
c1[SiH2]c(cc1)-c1ccc(-c2ccc(cc2)-c2ccccc2)c2ccccc12,1.4159643195385925
c1sc(-c2cc3c4c[nH]cc4c4ccc5=CCC=c5c4c3c3nsnc23)c2nccnc12,4.31768043084564
[nH]1c(ccc1-c1ccc(-c2cccc3c[nH]cc23)c2c[nH]cc12)-c1ccccc1,0.2805592493943952
c1cnc2c(ccc3c4[SiH2]C(=Cc4c4ccccc4c23)c2cccc3nsnc23)c1,5.604947366999486
c1sc(-c2cc3c4nsnc4c4c(sc5ccc6cscc6c45)c3c3c[nH]cc23)c2occc12,3.2562702157964507
c1cnc(s1)-c1cc2cc3cc4c5c[nH]cc5ccc4cc3cc2c2cocc12,2.6684628398167214
C1C=c2c3cc(cnc3c3c(c4CC=Cc4c4=C[SiH2]C=c34)c2=C1)-c1ncncn1,4.959886623652889
[nH]1cccc1-c1ncc(s1)-c1sc(-c2cncs2)c2nccnc12,9.946667650745743
C1C=c2c(cc3cnc4c5sccc5c5nsnc5c4c3c2=C1)C1=CC=C[SiH2]1,4.78515078308743
[SiH2]1C=Cc2ccc3cc(-c4cccc5cscc45)c4cocc4c3c12,1.8444290857927736
c1cnc(s1)-c1ncc(s1)-c1ccc(-c2cccc3cscc23)c2c[nH]cc12,3.808969261310992
c1ccc(o1)-c1cnc(-c2Cc(cc2)-c2nccc3nsnc23)c2nsnc12,10.341126841942264
[nH]1c2cc(-c3ccccc3)c3nsnc3c2c2c3cocc3c3ccccc3c12,3.347408700789981
[nH]1c2cc(-c3cccs3)c3ccccc3c2c2c3cscc3c3ccc4cocc4c3c12,2.07064324294932
c1sc(-c2ccc(cc2)-c2sc(-c3ccccc3)c3ccCc23)c2[se]ccc12,2.190894083649649
c1sc(-c2cc3c4cscc4c4c5ccccc5cnc4c3[se]2)c2cc[se]c12,3.7602122645790126
[nH]1ccc2oc3c4[SiH2]C(=Cc4ccc3c12)c1cccc2ccccc12,1.1467473770169154
c1cc2c(cc(-c3cc4c(ccc5=CCC=c45)c4=CCC=c34)c3=CCC=c23)c2nsnc12,2.8301341882145303
c1cc2c(s1)c1oc3cc(sc3c1c1ccccc21)-c1cccnc1,2.222374812619821
[nH]1c(cc2cc3sc4ccccc4c3cc12)-c1scc2cc[se]c12,2.171025920058731
[SiH2]1C=Cc2cc3c(cc12)c1oc(cc1c1ccccc31)-c1cccc2nsnc12,5.581230867837489
c1cc2sc3c(ncc4cc(-c5cccc6=CCC=c56)c5=CCC=c5c34)c2c2cocc12,2.8386025692717896
c1ccc([se]1)-c1sc(-c2sc(-c3cncs3)c3[se]ccc23)c2ccsc12,6.570147393919276
[nH]1c2cc(-c3scc4C=C[SiH2]c34)c3cscc3c2c2sc3C=C[SiH2]c3c12,2.3415223155947027
c1sc(-c2cc3sc4cc5ccc6=CCC=c6c5cc4c3cn2)c2ccsc12,3.0525419562264147
[nH]-1cc-c2c-1c1c3cocc3c3ccccc3c1c1c[SiH2]cc21,1.5462571535369751
[nH]1ccc2c3cscc3c3c4[SiH2]C(=Cc4c4=C[SiH2]C=c4c3c12)C1=CC=C[SiH2]1,1.4664780622908673
c1ccc([se]1)-c1cc2ncc3c4cnccc4c4cocc4c3c2cn1,3.875359867728208
c1sc(-c2sc(-c3ccc(s3)-c3scc4[se]ccc34)c3ccCc23)c2cc[SiH2]c12,3.8182921408366814
c1cc2ccc3c(oc4cc([se]c34)-c3cccc4ccccc34)c2[se]1,1.5416618593425722
c1[SiH2]c(cc1)-c1ccc(-c2ccc(s2)-c2scc3cc[nH]c23)c2cscc12,2.5220891457315395
c1cc2sc3c(ncc4cc(-c5scc6sccc56)c5ccccc5c34)c2[se]1,2.799806827754054
[SiH2]1C=CC=C1C1=Cc2sc3c(oc4ccc5cocc5c34)c2[SiH2]1,3.211983642613552
[nH]1c(ccc1-c1nccc2nsnc12)-c1[SiH2]c(cc1)-c1scc2[se]ccc12,7.314972805870052
c1[SiH2]c(cc1)-c1sc(-c2cnc(-c3scc4nccnc34)c3nsnc23)c2cc[SiH2]c12,7.785200443896256
c1sc(-c2Cc(cc2)-c2ccc(o2)-c2cccc3c[nH]cc23)c2ccCc12,1.3559081803631696
c1sc(C2=Cc3c(C2)c2sc4ccc5nsnc5c4c2c2ccccc32)c2[nH]ccc12,4.6710250964501965
[nH]1c(ccc1-c1cccc2c[nH]cc12)-c1Cc(cc1)-c1cccc2nsnc12,2.724623152177122
c1ccc(o1)-c1ccc(-c2sc(-c3scc4ccCc34)c3ccoc23)c2cCcc12,2.4753634065422974
c1sc(-c2cc3ccc4c(ccc5ccc6c[nH]cc6c45)c3c3cscc23)c2occc12,0.0
c1cnc2cc3c(cc2c1)ncc1cc(cnc31)-c1cccc2=CCC=c12,3.89545739764374
[nH]1ccc2c1c1ccc3cc(-c4cccnc4)c4cscc4c3c1c1=CCC=c21,1.5110954932318676
c1ccc(cc1)-c1cnc2c(cnc3c4c5nsnc5ccc4c4=C[SiH2]C=c4c23)c1,6.093232129346995
[nH]1cccc1-c1sc(-c2[SiH2]c(cc2)-c2scc3[nH]ccc23)c2Cccc12,0.4961343360485302
c1ccc([se]1)-c1ccc(cc1)-c1ccc(s1)-c1cccc2cCcc12,2.8275116777485447
c1sc(-c2sc(-c3ccc(cn3)-c3cccnc3)c3occc23)c2ccCc12,3.608080497232077
[nH]1cccc1-c1cc2[se]c3c(c4cscc4c4ccc5cscc5c34)c2c2cscc12,3.50870352097844
c1cnc(s1)-c1ccc([se]1)-c1ccc(-c2cccc3nsnc23)c2c[nH]cc12,5.124667168975885
c1sc(-c2cnc(s2)-c2ccc(nc2)-c2scc3nccnc23)c2Cccc12,8.276220517832858
c1sc(c2CC=Cc12)-c1cnc2c(c1)c1cocc1c1c3cnccc3ccc21,2.418408335470372
c1ccc(o1)C1=Cc2sc3c(ccc4cccnc34)c2C1,1.792204015374692
c1ncc(C2=Cc3c([SiH2]2)c2ncc4ccc5=CCC=c5c4c2c2cscc32)c2nsnc12,6.844663200059374
c1cc2oc3c(c4cscc4c4cc(-c5cncc6nsnc56)c5ccccc5c34)c2cn1,9.619009877144324
[nH]1c2ccsc2c2c3cscc3c3cc(ncc3c12)-c1cccc2ccccc12,1.6588953858869535
[nH]1c2ccsc2c2cc3c(cc(-c4scc5[se]ccc45)c4ccccc34)cc12,1.736809230048939
[nH]1c2cc(cnc2c2c1c1c3cocc3ccc1c1ccccc21)-c1scc2nccnc12,4.58225085194805
c1cc2[se]c3c(c2s1)c1=CCC=c1c1cc(ccc31)-c1nccc2nsnc12,8.064393777398141
c1cc2[se]c3cc(-c4ccc[se]4)c4cocc4c3c2o1,2.7204199780574667
c1sc(-c2sc(-c3ncc(s3)-c3cccc4c[nH]cc34)c3[SiH2]ccc23)c2ccsc12,3.61510269799696
c1ccc([se]1)-c1cc2[se]c3c(c2cn1)c1=C[SiH2]C=c1c1cccnc31,1.6010079672930209
[nH]1ccc2oc3cc([se]c3c12)-c1cccnc1,1.5166476619467422
c1sc(c2C=C[SiH2]c12)-c1cc2cc3sc4ccccc4c3cc2c2ccccc12,1.4849781680846392
[nH]1c(cc2c1c1c(c3CC=Cc3c3=C[SiH2]C=c13)c1=C[SiH2]C=c21)-c1scc2C=CCc12,0.506354325076899
c1sc(c2[SiH2]C=Cc12)-c1cnc2c(c1)sc1c2c2cocc2c2ccc3c[nH]cc3c12,2.2016203371195813
c1ccc(cn1)-c1cc2ncc3c(ncc4ccc5=C[SiH2]C=c5c34)c2c2=C[SiH2]C=c12,6.151736812710616
[nH]1c2cc(-c3ccccn3)c3c[nH]cc3c2c2c1c1ccccc1c1ccccc21,0.6620550717301352
[nH]1ccc2ccc3c(oc4cc(-c5ccccc5)c5nsnc5c34)c12,3.9631424316555615
c1cc2cnc3c4[SiH2]C(=Cc4cnc3c2cn1)c1cccc2=CCC=c12,4.117855307230044
c1cnc(-c2cc3ncc4c5c6cocc6ccc5c5=C[SiH2]C=c5c4c3s2)c2nsnc12,9.536631413931833
[SiH2]1C=Cc2cc3ccc4cc(-c5scc6[se]ccc56)c5cocc5c4c3cc12,2.3836838531277467
c1ccc-2c([SiH2]c3c-2c2c[SiH2]cc2c2ccc4cscc4c32)c1,3.3447767977495784
[nH]1ccc2c3cscc3c3c4cnc(cc4sc3c12)-c1scc2[se]ccc12,2.921950947388076
[nH]1c(cc2cc3c4nsnc4c4cc[se]c4c3cc12)-c1cccc2ccccc12,2.618576707291769
c1cnc(s1)-c1ccc(-c2ccc(cn2)-c2cncc3nsnc23)c2ccccc12,9.84399957730382
C1C=c2c3c4ccc(cc4oc3c3c4nsnc4ccc3c2=C1)C1=CC=CC1,5.137507824178746
c1ncc(s1)-c1ccc(-c2[SiH2]c(cc2)-c2scc3nccnc23)c2c[SiH2]cc12,7.32195915770472
c1sc(-c2cc3ccc4c(cnc5ccc6cscc6c45)c3[se]2)c2ccoc12,3.3346763878219514
[nH]1c2ccccc2c2c1c1oc(cc1c1=C[SiH2]C=c21)C1=CC=C[SiH2]1,1.7850244161606583
c1cc2c(s1)c1c3ccccc3c3cc(sc3c1c1=CCC=c21)-c1cccc2nsnc12,5.967306725175222
c1sc(-c2cc3c4nsnc4c4ccc5ccccc5c4c3[se]2)c2ccsc12,5.596372574951197
c1cnc(s1)-c1cc2c3cscc3c3ccc4ccccc4c3c2c2=CCC=c12,3.833604114685357
c1ccc([se]1)-c1cnc2cc3ccc4cocc4c3cc2c1,2.600560662347432
c1ccc(nc1)C1=Cc2[se]c3c(c2C1)c1ccccc1c1ccc2cocc2c31,2.7375612739398028
[SiH2]1C=CC=C1c1cc2sc3c(ccc4ccc5cocc5c34)c2cn1,2.385813863120533
c1ccc(o1)-c1sc(c2Cccc12)-c1ccc(-c2ccc[se]2)c2cscc12,3.01117349283122
[nH]1c(cc2c3cocc3c3c(oc4cc[se]c34)c12)-c1cccc2=C[SiH2]C=c12,4.019577196235481
[nH]1c2C=CCc2c2cc3c(cc(-c4scc5[nH]ccc45)c4=CCC=c34)cc12,0.1384697010328096
[nH]1c2C=C(Cc2c2cc3c4c[nH]cc4ccc3cc12)c1scc2cc[nH]c12,0.1509140508050383
[nH]1c2cccnc2c2ncc3cc(-c4scc5ccoc45)c4=CCC=c4c3c12,3.486791757536121
c1sc(c2CC=Cc12)-c1cnc2c(ccc3ccncc23)c1,2.2543550334601323
[nH]1ccc2Cc3c4CC(=Cc4c4=C[SiH2]C=c4c3-c12)c1scc2cc[nH]c12,0.0
c1cc2cc3cc4c(cc(-c5ncncn5)c5ccccc45)cc3cc2cn1,0.0
c1sc(-c2cnc(-c3ccc(-c4ccccc4)c4cocc34)c3nsnc23)c2cc[SiH2]c12,7.522616206041251
[nH]1c2cc(-c3scc4ccsc34)c3=C[SiH2]C=c3c2c2sc3ccc4=CCC=c4c3c12,2.298460197271757
c1ccc(o1)-c1ccc(-c2Cc(cc2)-c2cccc3ccccc23)c2c[SiH2]cc12,2.7757986593631587
c1sc(-c2cc3c4cscc4c4c(cnc5ccc6cscc6c45)c3[se]2)c2C=CCc12,3.6952179848977087
c1sc(-c2ccc(-c3sc(-c4ncncn4)c4ccoc34)c3ccccc23)c2cc[nH]c12,5.251197721000034
[SiH2]1C=CC=C1C1=Cc2c([SiH2]1)c1ccc3ccccc3c1c1ccccc21,2.5831883876967936
c1cnc2c(c1)ncc1c3ncc(cc3c3cocc3c21)-c1cccc2cocc12,3.7011190361449673
[nH]1c2-c3cnccc3[SiH2]c2c2c1cc(-c1scc3sccc13)c1ccccc21,1.879772325994465
c1[SiH2]c-2c(-c1)[s]-c1c-2c2nsnc2c2-cccn-c12,3.784468725670936
c1Cc(cc1)-c1sc(-c2sc(c3[SiH2]ccc23)-c2cccc3cocc23)c2cc[SiH2]c12,2.6516650667570145
c1cnc2cc3cc4cc(-c5cccc6cscc56)c5cscc5c4cc3cc2c1,0.0
c1sc(c2[SiH2]C=Cc12)-c1cc2oc3c(ccc4ccc5=C[SiH2]C=c5c34)c2c2c[nH]cc12,2.3427033066899
c1sc(-c2ccc(o2)-c2sc(-c3cccc4c[SiH2]cc34)c3ccCc23)c2[SiH2]ccc12,3.699280084012218
c1sc(c2CC=Cc12)-c1ccc2c3[se]c4cccnc4c3c3cocc3c2c1,8.320798159251245
[nH]1ccc2cc3c(cc12)c1c2ccccc2c(cc1c1=CCC=c31)-c1cncc2nsnc12,6.7725764507048645
c1cc2[se]c3c4[SiH2]C(=Cc4cnc3c2[se]1)c1scc2[nH]ccc12,0.0
c1sc(-c2[SiH2]c(cc2)-c2ccc(-c3nccc4nsnc34)c3c[SiH2]cc23)c2[se]ccc12,6.180453094961298
c1cc2ncc3c4CC(=Cc4c4c[nH]cc4c3c2c2c[nH]cc12)c1cccc2=CCC=c12,0.787854434620958
C1C=c2c(cc3cc4sc5cc[se]c5c4cc3c2=C1)C1=CC=CC1,2.37852498930955
c1cc2c3nsnc3c3c(ncc4cc(-c5cccc6cocc56)c5=C[SiH2]C=c5c34)c2cn1,5.286497933218357
C1C=CC=C1c1cc2cc3oc4C=C[SiH2]c4c3cc2c2=C[SiH2]C=c12,2.243277650585045
[nH]1ccc2cc3[se]c4cc(oc4c3cc12)-c1scc2cc[nH]c12,1.2491104725103797
c1sc(-c2cnc(s2)-c2ccc(s2)-c2cccc3nsnc23)c2nccnc12,8.91647441195819
c1ccc(nc1)C1=Cc2c(C1)c1cc3c4cscc4ccc3cc1c1cocc21,2.3654023134514497
c1ccc(cc1)C1=Cc2c([SiH2]1)c1sc3ccc4nsnc4c3c1c1cscc21,5.566459191192625
c1cnc2c(c1)ncc1c3oc(cc3c3cocc3c21)-c1cccc2cocc12,3.452151277263704
[nH]1c(ccc1-c1scc2nccnc12)-c1ccc(s1)-c1cccc2c[SiH2]cc12,5.377860373445129
c1Cc(cc1)-c1Cc(cc1)-c1sc(-c2cccc3cscc23)c2sccc12,2.972732179881956
C1C(=Cc2c1c1c3ccccc3c3C=C[SiH2]c3c1c1ccccc21)c1ccc[se]1,2.509615500177841
C1C=c2c3cc(-c4scc5[SiH2]C=Cc45)c4=C[SiH2]C=c4c3c3ncc4C=CCc4c3c2=C1,2.536203786215855
c1ccc(-c2cc3c(ccc4nsnc34)o2)c2nsnc12,5.936020373974752
[nH]1ccc2sc3c(cnc4cc(ncc34)-c3cccc4=C[SiH2]C=c34)c12,3.1527619114970182
c1ccc(cc1)-c1cc2c3cscc3c3c(cnc4ccc5cocc5c34)c2s1,2.6432725218297177
C1C=Cc2[se]c3c([se]c4cc(-c5scc6occc56)c5ccccc5c34)c12,2.778056992319637
[nH]1ccc2cc3c4cscc4c4C=C([SiH2]c4c3cc12)c1cccc2=CCC=c12,1.5659763889625553
c1cc2ccc3c4ncc(cc4[se]c3c2cn1)-c1cccc2=C[SiH2]C=c12,4.9940046774677365
c1ccc2cc3c(cc2c1)oc1cc(sc31)-c1cccc2cocc12,2.764914542409332
[nH]1cccc1-c1cc2c3cscc3c3c4ncccc4c4=C[SiH2]C=c4c3c2[nH]1,2.9489758475765937
c1cc2c(cn1)c1sc3cc(-c4cccc5cscc45)c4=CCC=c4c3c1c1=CCC=c21,2.9732473755037225
c1sc(-c2ccc(cc2)-c2ccc(o2)-c2cccc3ccccc23)c2ccCc12,1.6052026617085486
c1ccc2c(c1)c1ccccc1c1c3c4c[SiH2]cc4ccc3c3c[nH]cc3c21,1.5463958823758288
c1ccc([se]1)-c1cc2cc3[se]c4cccnc4c3cc2c2c[nH]cc12,1.9606519977238777
[nH]1c2-c3cnc(cc3[SiH2]c2c2c1ccc1=C[SiH2]C=c21)-c1scc2[nH]ccc12,1.255568374598919
[nH]1cccc1-c1ccc(cn1)-c1sc(-c2cccc3cscc23)c2cc[se]c12,3.3319485587513387
[nH]1c2cc(-c3ccccn3)c3cocc3c2c2c3cocc3c3ccc4nsnc4c3c12,5.596984669242268
c1cnc2c3sc4cc(sc4c3cnc2c1)-c1cccc2c[nH]cc12,2.897377443474114
c1ccc(-c2sc(-c3nccc4nsnc34)c3ccoc23)c2c[nH]cc12,6.347714038862278
[nH]1ccc2sc3c(ncc4cc([se]c34)-c3ccccc3)c12,1.4134657288103745
c1sc(-c2cc3ccc4c(sc5ccc6c[nH]cc6c45)c3cn2)c2cc[se]c12,2.307046701787669
C1C=c2c3cc(sc3c3c4ccccc4c4C=CCc4c3c2=C1)C1=CC=C[SiH2]1,2.222079897629659
[SiH2]1C=CC=C1C1=Cc2cc3ccc4ccc5c[nH]cc5c4c3cc2[SiH2]1,1.6214174537387656
c1sc(-c2ccc(cn2)-c2cnc(s2)-c2scc3[nH]ccc23)c2cc[SiH2]c12,3.2730499390697463
[nH]1c2ccc3ccccc3c2c2sc3cc(-c4ccco4)c4=CCC=c4c3c12,2.200601477575691
c1cnc2-c3-ncc4ccc5c[nH]cc5c4-c3[o]-c2c1,1.2691831558051492
c1cnc(s1)-c1cc2cc3oc4cc[se]c4c3cc2c2nsnc12,4.974658273163155
[nH]1c(ccc1-c1ccc(-c2scc3occc23)c2c[nH]cc12)-c1cccs1,1.252022640207224
[nH]1c(cc2Cc3c(-c12)c1cscc1c1ccsc31)-c1cccc2=C[SiH2]C=c12,2.785266433322517
c1sc(-c2ccc3c(c2)sc2c4ncccc4oc32)c2occc12,2.384049302249452
c1sc(-c2cc3c4c[nH]cc4c4c5ccccc5c5=CCC=c5c4c3o2)c2occc12,1.0509897272306978
c1sc(-c2sc(-c3sc(-c4scc5occc45)c4cc[SiH2]c34)c3ccoc23)c2[se]ccc12,4.063885745451858
c1cnc(s1)-c1Cc(cc1)-c1ccc(-c2scc3ccCc23)c2nsnc12,6.798644864329956
c1sc(-c2ncc(s2)-c2ncc(-c3scc4nccnc34)c3nsnc23)c2[SiH2]ccc12,0.0
c1cc2c(s1)c1sc3cc(oc3c1c1=C[SiH2]C=c21)-c1scc2ccsc12,4.029888590031206
[nH]1c(ccc1-c1cccc2c[nH]cc12)-c1ccc(-c2scc3[se]ccc23)c2cCcc12,1.4811793698802178
c1sc(-c2ncc(-c3cncc4nsnc34)c3nsnc23)c2cc[nH]c12,8.717374419969952
[nH]1cccc1-c1cc2ncc3c4CC=Cc4c4cocc4c3c2[se]1,1.889256331907116
c1sc(c2[SiH2]C=Cc12)-c1cc2ncc3c4cnccc4ccc3c2c2cocc12,2.56776436512308
c1ccc(-c2sc(-c3ccc(o3)-c3ncncn3)c3cc[SiH2]c23)c2cocc12,4.759575330553535
[nH]1c(cc2oc3c(c4cscc4c4cccnc34)c12)C1=CC=CC1,1.8296331664775525
c1sc(-c2cnc(-c3sc(-c4cncc5nsnc45)c4[nH]ccc34)c3nsnc23)c2cc[nH]c12,6.668631199324502
c1cc2ncc3c4c5ccccc5c(cc4c4=C[SiH2]C=c4c3c2s1)-c1ccc[se]1,1.947013399044757
c1sc(-c2cc3sc4c(ncc5cccnc45)c3[se]2)c2cc[se]c12,4.236425221466025
c1ccc(s1)C1=Cc2cnc3ccc4c[nH]cc4c3c2C1,1.509686525824487
c1sc(-c2cc3ccc4c(c5nsnc5c5ccc6=CCC=c6c45)c3[se]2)c2[SiH2]C=Cc12,5.321680370520735
c1cc2ncc3c([se]c4cc(-c5ccc[se]5)c5ccccc5c34)c2o1,1.9221341123941025
C1C=c2c3C=C[SiH2]c3c3c4cocc4c4cc(sc4c3c2=C1)-c1scc2cc[se]c12,0.0
[SiH2]1C=Cc2c1c1sc3cc(ncc3c1c1cocc21)-c1cccc2c[nH]cc12,2.443594998772331
c1Cc(cc1)-c1sc(-c2sc(-c3cccc4ccccc34)c3[nH]ccc23)c2cc[SiH2]c12,1.5146180450513418
c1cnc(s1)-c1cc2c3ccccc3c3c4ncccc4oc3c2c2ccccc12,3.1424974496513163
[nH]1cccc1-c1cc2ncc3cc4cccnc4cc3c2o1,3.874220881335616
c1cnc(s1)-c1ncc(-c2ccc(s2)-c2scc3[se]ccc23)c2nsnc12,0.0
c1sc(C2=Cc3c(C2)c2oc4ccc5ccccc5c4c2c2ccccc32)c2ccsc12,3.128490590776315
c1cnc(s1)-c1ccc([se]1)-c1sc(-c2ccccn2)c2occc12,5.339614916641944
c1ccc(o1)-c1sc(-c2ccc(-c3scc4cc[se]c34)c3cocc23)c2ccsc12,3.884146354483208
c1[SiH2]c(cc1)-c1ccc(-c2sc(-c3ccco3)c3[nH]ccc23)c2c[nH]cc12,0.0085280888244478
c1cnc(s1)-c1cnc2c(ccc3ccc4ccccc4c23)c1,2.778351810588006
c1ccc(-c2sc(-c3[SiH2]c(cc3)-c3cccc4cscc34)c3Cccc23)c2cCcc12,2.547394183924068
c1sc(c2CC=Cc12)-c1cnc2c(c1)sc1c2c2cocc2c2ccc3cscc3c12,3.391183726966436
[SiH2]1C=Cc2ccc3c(oc4cc(oc34)-c3scc4ccsc34)c12,2.094470412528035
[nH]1c(cc2[se]c3c4[se]ccc4[se]c3c12)-c1ncncn1,3.7706604475489978
[nH]1c2cc(sc2c2c3c[nH]cc3c3ccc4=C[SiH2]C=c4c3c12)-c1scc2nccnc12,3.2716052858231235
[nH]1c(cc2[se]c3c4ccccc4[nH]c3c12)-c1ccccn1,0.9929107432244392
c1sc(-c2cnc(s2)-c2sc(c3Cccc23)-c2ccccc2)c2ccCc12,3.525798156274821
c1cc2[se]c3c4oc(cc4sc3c2c2cocc12)-c1cccc2nsnc12,6.66128528806312
[nH]1c2C3=C([SiH2]c2c2occc12)C=C(C3)c1ncncn1,3.8999106412919313
[nH]1ccc2c1c1cnc3cc(-c4cccc5nsnc45)c4c[nH]cc4c3c1c1ccccc21,0.0
C1C=c2c3cc4C=CCc4cc3c3cnc(cc3c2=C1)-c1nccs1,2.303342833953913
c1Cc(cc1)-c1sc(-c2ccc(-c3cccs3)c3cCcc23)c2cc[se]c12,3.021278056281784
c1cc2[se]c3c4CC(=Cc4[se]c3c2o1)c1nccc2nsnc12,8.260123824988705
c1cc2c(s1)c1c3cocc3c3cc(sc3c1c1=C[SiH2]C=c21)-c1cccc2ccccc12,4.109803881258989
c1sc(-c2cnc3c(c2)c2cocc2c2c3cnc3ccc4nsnc4c23)c2sccc12,3.518766300313036
c1ccc(cc1)-c1cc2cc3ccc4ccc5c[nH]cc5c4c3cc2c2c[nH]cc12,0.0
c1sc(-c2cnc3c(cnc4c5cnccc5c5c[nH]cc5c34)c2)c2cc[se]c12,3.6816917417058375
c1cc2c3cscc3c3-c4c(-[s]c3c2c2c[SiH2]cc12)ccc1cocc41,4.0150839735830095
[nH]1c(cc2cc3c4ccccc4c4ccc5nsnc5c4c3cc12)C1=CC=C[SiH2]1,4.283918882091421
[nH]1ccc2[nH]c3c(c12)c1=C[SiH2]C=c1c1cc(-c2scc4CC=Cc24)c2=C[SiH2]C=c2c31,0.0
[nH]1c2ccc3cocc3c2c2[se]c3cc(oc3c12)-c1cccc2cscc12,2.603747284669004
C1C=Cc2csc(C3=Cc4sc5c6CC=Cc6c6nsnc6c5c4[SiH2]3)c12,4.547612554812131
c1sc(-c2ccc(nc2)-c2ncc(s2)-c2scc3occc23)c2sccc12,4.584225637114412
[SiH2]1C=Cc2c1csc2-c1cc2ccc3c4[SiH2]C=Cc4oc3c2c2nsnc12,4.136288623160913
[nH]1ccc2c1c1cnc3cc(-c4ccc[se]4)c4=C[SiH2]C=c4c3c1c1=C[SiH2]C=c21,0.0
[nH]1cccc1-c1cc2c3nsnc3c3c4occc4c4cocc4c3c2[se]1,4.849755595210231
[nH]1c(cc2[SiH2]c3c(cnc4ccc5nsnc5c34)-c12)-c1scc2sccc12,0.0
C1C(=Cc2c1c1c3c[nH]cc3c3C=C[SiH2]c3c1c1=C[SiH2]C=c21)c1scc2sccc12,0.0
[nH]1cccc1-c1sc(-c2ccc(s2)-c2nccc3nsnc23)c2ccoc12,7.259238399257158
[nH]1c(cc2c3cocc3c3c4[SiH2]C=Cc4ccc3c12)-c1scc2C=CCc12,1.1541569549876964
c1ccc(-c2ccc3c(c2)oc2c3ccc3ccc4c[nH]cc4c23)c2cscc12,1.6388417573541827
c1sc(c2C=CCc12)-c1cc2c3nsnc3c3cc4ccccc4cc3c2c2c[nH]cc12,2.496409602267557
c1Cc(cc1)-c1sc(-c2ccc(-c3cccc4c[SiH2]cc34)c3c[nH]cc23)c2ccsc12,2.311769168916737
c1ccc(nc1)-c1cc2oc3cc4ccccc4cc3c2c2ccccc12,1.765296092909956
c1ccc2c(c1)c1c[nH]cc1c1c3CC(=Cc3c3=CCC=c3c21)c1nccc2nsnc12,4.256769093276851
c1cc2c3cocc3c3c4cnc(cc4c4=C[SiH2]C=c4c3c2o1)-c1cccc2=CCC=c12,3.335680457746117
c1ccc(cn1)-c1ccc(nc1)-c1[SiH2]c(cc1)-c1ncncn1,7.63335173713947
[nH]1c2cc(C3=CC=C[SiH2]3)c3=CCC=c3c2c2c1c1ncccc1c1=C[SiH2]C=c21,1.2502791057808305
c1ncc(s1)-c1sc(-c2cnc(s2)-c2ncncn2)c2Cccc12,8.075537202906208
c1cnc(s1)-c1ncc(s1)-c1cnc(s1)-c1cccc2cCcc12,6.3723865021965205
c1ccc(cc1)-c1cnc2c3oc4ccc5ccccc5c4c3cnc2c1,2.331648157814328
C1C=Cc2cc3c4nsnc4c4cc(sc4c3cc12)-c1scc2C=CCc12,3.4889492556813506
c1cnc(-c2cc3[se]c4cc5ccc6=C[SiH2]C=c6c5cc4c3c3=CCC=c23)c2nsnc12,7.203479552100424
C1C=CC=C1c1cnc2c(c1)c1cscc1c1ccc3c[nH]cc3c21,1.5007053224058524
[nH]1c-2c([SiH2]c3ccc4=C[SiH2]C=c4c-23)c2[se]c(cc12)-c1cccc2nsnc12,4.424816436028099
c1sc(-c2sc(-c3cnc(s3)-c3cccc4cocc34)c3cc[se]c23)c2[se]ccc12,5.332865945739241
c1sc(-c2ccc(-c3ccc([se]3)-c3cccc4c[nH]cc34)c3c[nH]cc23)c2ccsc12,1.5418628461720107
c1cc2sc3c(c4cscc4c4cc(ccc34)-c3ncncn3)c2c2cscc12,4.613926696534302
[nH]1c2ccc3cocc3c2c2ccc3cc(-c4scc5nccnc45)c4nsnc4c3c12,6.843406141417912
c1sc(-c2sc(-c3ccc(-c4scc5ccoc45)c4cCcc34)c3occc23)c2[nH]ccc12,1.685634736331151
c1cc2sc3c(sc4cc(-c5cncc6nsnc56)c5=CCC=c5c34)c2s1,8.474154779300072
[SiH2]1C=c2c(cc3cnc4c5sccc5c5cocc5c4c3c2=C1)C1=CC=C[SiH2]1,4.037312481506509
c1cnc(s1)-c1ncc(-c2ccc(-c3scc4ccCc34)c3c[SiH2]cc23)c2nsnc12,8.206909563818234
c1ccc(cc1)-c1cnc2c(c1)c1=CCC=c1c1c3c4nsnc4ccc3c3c[nH]cc3c21,3.0151264688911708
[SiH2]1C=c2c3cc(cnc3c3cnc4C=C[SiH2]c4c3c2=C1)-c1nccc2nsnc12,3.422222083603158
c1cc2c3nsnc3c(cc2cn1)-c1cc2c(ccc3ccccc23)c2c[nH]cc12,4.312707704888117
C1C=c2ccc3ncc(cc3c2=C1)-c1cc2CC=Cc2c2nsnc12,5.099813007543401
c1cc2c(s1)c1cc3cnc(cc3cc1c1=CCC=c21)-c1scc2[SiH2]C=Cc12,2.230102594240203
c1ccc(-c2sc(c3[SiH2]ccc23)-c2sc(c3Cccc23)-c2ncncn2)c2nsnc12,6.965731158335773
c1ccc(o1)-c1ccc(-c2scc3c2c2ccccc2c2ccccc32)c2ccccc12,1.4614899867515143
[nH]1c(ccc1-c1sc(-c2cccc3c[SiH2]cc23)c2ccsc12)-c1scc2cc[SiH2]c12,3.3999377466738
[nH]1cccc1-c1cc2c(c3nsnc13)c1[se]c3ccc4=C[SiH2]C=c4c3c1c1=C[SiH2]C=c21,3.6228307005230143
c1ccc(o1)-c1cc2oc3cc4ccsc4cc3c2o1,1.2613363992070328
c1cnc2c3cnc4cc(-c5ncncn5)c5c[nH]cc5c4c3c3=C[SiH2]C=c3c2c1,5.213566202836725
c1sc(-c2cc3cnc4c(sc5ccc6cscc6c45)c3c3ccccc23)c2ccsc12,3.1300001484741924
c1ccc([se]1)-c1ccc(s1)-c1Cc(cc1)-c1scc2sccc12,3.849633655603173
[SiH2]1C=CC=C1c1cc2oc3c(oc4ccc5nsnc5c34)c2c2cocc12,5.49318068704821
c1sc(-c2cc3ccc4c(sc5ccc6cocc6c45)c3s2)c2nccnc12,7.85798549897471
[SiH2]1C=CC=C1c1cc2oc3c(ncc4ccncc34)c2cn1,3.0165419247938114
c1cc2ncc3c(sc4cc(-c5cccnc5)c5=CCC=c5c34)c2s1,3.740224854388373
c1[SiH2]c(cc1)-c1sc(-c2sc(-c3scc4ccCc34)c3occc23)c2cc[SiH2]c12,3.174901595093901
c1cnc(s1)-c1cc2c(o1)c1[se]c3ccc4c[nH]cc4c3c1c1=C[SiH2]C=c21,0.0
c1cc2c3c[nH]cc3c3c(ncc4cc(-c5scc6C=CCc56)c5ccccc5c34)c2s1,1.4106853252822915
c1cc2c(s1)c1c(c3c4c[nH]cc4c(cc3c3=CCC=c13)-c1ccccn1)c1=CCC=c21,0.8554633197697286
c1ccc(o1)-c1cc2sc3c(cnc4ccc5ccccc5c34)c2c2c[nH]cc12,1.7120084958315496
[nH]1c(cc2c3c[nH]cc3c3cc4ccncc4cc3c12)-c1scc2[SiH2]C=Cc12,1.3991905903674773
c1ccc(-c2ccc(cc2)-c2ncc(-c3ncncn3)c3nsnc23)c2c[nH]cc12,9.768125260534903
c1cc2ccc3cc4cc(-c5ncncn5)c5=C[SiH2]C=c5c4cc3c2c2cocc12,5.439240671124032
C1C=Cc2c1c1sc3cc(-c4cccc5cscc45)c4cscc4c3c1c1nsnc21,5.067596151304105
c1cc2cc3cnc4cc(oc4c3cc2s1)-c1scc2C=CCc12,1.804068542990232
[nH]1c2C=C([SiH2]c2c2ccc3ccc4=CCC=c4c3c12)c1scc2[SiH2]C=Cc12,1.7240337492998663
c1cc2c3cscc3c3cc(-c4ncncn4)c4c[nH]cc4c3c2[se]1,4.2439343444553215
c1cc2cnc3c(ncc4cc(-c5nccc6nsnc56)c5cscc5c34)c2[se]1,9.668232971142206
C1C=Cc2c1c1[se]c3cc(-c4ccco4)c4cocc4c3c1c1nsnc21,5.132677730654756
[nH]1c2cc(cnc2c2cnc3cccnc3c12)-c1scc2[se]ccc12,3.0047627496769853
c1[SiH2]c(cc1)-c1sc(-c2[SiH2]c(cc2)-c2scc3cc[SiH2]c23)c2[nH]ccc12,1.6387082925006369
[nH]1c(cc2c3nsnc3c3c(cnc4ccc5cscc5c34)c12)-c1scc2[se]ccc12,4.563424428055102
C1C=CC=C1c1cc2sc3c(c4cocc4c4ccc5ccccc5c34)c2cn1,2.452342786877638
c1cnc2-c3-[o]c4ccc5nsnc5c4-c3Cc2c1,4.531630220581499
[nH]1c(cc2c3cocc3c3c(cnc4ccc5cscc5c34)c12)-c1ccccc1,0.0
[nH]1c2ccc3nsnc3c2c2sc3cc(-c4scc5cc[se]c45)c4cscc4c3c12,4.666178171629452
c1cc2c([se]1)c1oc3cc(-c4scc5[nH]ccc45)c4cscc4c3c1c1=CCC=c21,3.2926015092888155
[nH]1c(cc2ncc3c(c4nsnc4c4ccc5c[nH]cc5c34)c12)-c1scc2cc[se]c12,3.864871735922469
c1[SiH2]c(cc1)-c1ncc(-c2Cc(cc2)-c2scc3Cccc23)c2nsnc12,6.287383293086682
c1cc2ccc3cc(ncc3c2[se]1)-c1cccc2cscc12,2.159470840813825
c1sc(-c2cc3oc4c(sc5ccc6=C[SiH2]C=c6c45)c3cn2)c2sccc12,5.137317905508247
c1cc2cc3c(cc2o1)c1c2nsnc2c(cc1c1=CCC=c31)-c1scc2ccoc12,5.31028863404777
c1Cc(cc1)-c1sc(c2Cccc12)-c1sc(-c2cccc3cCcc23)c2[se]ccc12,2.822938997841442
c1ncc(s1)-c1ccc(-c2ccc(-c3scc4nccnc34)c3cscc23)c2c[nH]cc12,6.214923259194086
[nH]1c2ccc3ccccc3c2c2c1c1cnc(cc1c1ccccc21)C1=CC=C[SiH2]1,2.0890298142127035
c1ccc(cc1)-c1cc2c(cn1)c1c3c[nH]cc3c3cccnc3c1c1=CCC=c21,1.6865907888745408
c1sc(-c2cc3cc4c(ccc5=CCC=c45)cc3o2)c2ccsc12,0.4060264620652074
c1cc2sc3c(c4nsnc4c4cc(cnc34)-c3ccccc3)c2o1,4.231157884943189
[nH]1ccc2c1cc(-c1cc3c(ccc4cocc34)[nH]1)c1c[SiH2]cc21,0.0
c1cc2ncc3c4sc(cc4c4=CCC=c4c3c2s1)-c1scc2cc[nH]c12,2.9688676832568515
c1sc(C2=Cc3c(C2)c2ncc4ccncc4c2c2c[nH]cc32)c2CC=Cc12,1.7408434619251172
c1Cc2c3-[s]c4ccc5c[SiH2]cc5c4-c3c3c[SiH2]cc3c2-c1,2.7600310221764133
[nH]1ccc2c1c1oc3cc(ccc3c1c1=CCC=c21)-c1scc2sccc12,1.6033877400181686
[nH]1ccc2c3nsnc3c3c4[SiH2]C(=Cc4c4=CCC=c4c3c12)c1scc2[nH]ccc12,0.5204140435875565
c1sc(-c2cnc3c(c2)sc2c3sc3ccc4nsnc4c23)c2ccoc12,6.045243656309466
c1sc(-c2cnc3c(cnc4cc5ccncc5cc34)c2)c2cc[se]c12,4.700661301148912
c1ccc(s1)-c1ccc(-c2sc(-c3cccc4cocc34)c3cc[SiH2]c23)c2c[nH]cc12,1.6020296675128145
c1sc(c2[SiH2]C=Cc12)-c1ccc2c(c1)sc1cc3ccc4=C[SiH2]C=c4c3cc21,3.2737957897574943
c1ccc(o1)-c1sc(c2[SiH2]ccc12)-c1ccc(-c2cccc3ccccc23)c2nsnc12,5.855386204554374
c1cc2sc3c(c4cscc4c4cc(ncc34)-c3cncc4nsnc34)c2[se]1,9.646136872623469
[nH]1ccc2cnc3c(sc4cc(-c5cccc6cocc56)c5=CCC=c5c34)c12,2.027246462111546
[nH]1c(cc2c3c[nH]cc3c3c4occc4c4cscc4c3c12)-c1scc2C=C[SiH2]c12,1.0383214040027446
c1Cc2c(-c1)c1cCcc1c1c2oc2ccc3cscc3c12,1.664626859576824
c1cc2Cc-3c(-[o]c4ccc5nsnc5c-34)-c2c2cscc12,4.602241179247718
C1C=Cc2ncc3c(c12)c1cocc1c1cc(-c2scc4occc24)c2c[nH]cc2c31,2.115826212204617
c1cnc(s1)-c1ccc(-c2sc(-c3scc4ccCc34)c3ccsc23)c2c[nH]cc12,3.234573673080045
c1sc(-c2cc3cnc4c5cnccc5c5=CCC=c5c4c3c3cocc23)c2ccsc12,4.2772844474533125
[nH]1ccc2ncc3c(ccc4cc(-c5cccc6=C[SiH2]C=c56)c5ccccc5c34)c12,3.479251499809761
[nH]1c2cc(-c3cccs3)c3cocc3c2c2ccc3ccc4=C[SiH2]C=c4c3c12,3.06617683972507
[nH]1-c2ccc3cocc3c2-c2-[s]c3ccc4cocc4c3-c12,1.3967978324538597
[nH]1ccc2cc3c(cc12)c1c2cscc2c(cc1c1=C[SiH2]C=c31)-c1scc2occc12,2.737678038415158
c1sc(-c2ccc(cn2)-c2cnc(-c3ccccc3)c3nsnc23)c2ccoc12,8.79905704494076
[nH]1c2ccc3c[nH]cc3c2c2c1c1c3nsnc3c(cc1c1ccccc21)C1=CC=CC1,2.975926745928523
[nH]1c(cc2c1c1ncc3ccncc3c1c1ccccc21)-c1cccc2nsnc12,6.630574950560167
c1ccc(-c2Cc(cc2)-c2sc(c3Cccc23)-c2cncc3nsnc23)c2c[SiH2]cc12,6.087194478833932
c1cc2c3cocc3c(cc2c2c[nH]cc12)-c1cc2c(ccc3nsnc23)s1,4.4217951546165954
c1ccc(nc1)-c1ccc2c(c1)c1c[nH]cc1c1c3ncccc3c3cocc3c21,1.4014362465968229
c1ccc(cc1)-c1cc2sc3ccncc3c2[se]1,1.9425042471340188
c1ccc(o1)-c1sc(c2Cccc12)-c1cnc(-c2ccccc2)c2nsnc12,7.787135213998372
c1ccc(o1)C1=Cc2c([SiH2]1)c1ccc3ccncc3c1c1cscc21,3.6115052012519775
[nH]1c(cc2cc3c4nsnc4c4ccc5nsnc5c4c3cc12)-c1cccc2=CCC=c12,5.892200625947588
[nH]1c(cc2c3c[nH]cc3c3c4ccccc4c4nsnc4c3c12)-c1scc2cc[nH]c12,1.770802477239586
[nH]1c2ccc3=CCC=c3c2c2c3c[nH]cc3c3cc(-c4nccs4)c4c[nH]cc4c3c12,0.1536778170869048
c1sc(C2=Cc3c(C2)c2c4c[nH]cc4c4cccnc4c2c2nsnc32)c2cc[nH]c12,0.0
[nH]1ccc2[se]c3c(sc4cc(-c5cccc6c[nH]cc56)c5cocc5c34)c12,1.2694885377570726
C1C=c2c3C=C[SiH2]c3c3cc4ccc(cc4cc3c2=C1)C1=CC=CC1,1.9262140787683864
c1sc(-c2[SiH2]c(cc2)-c2ccc(cc2)-c2scc3ccCc23)c2Cccc12,2.7739606957127494
c1ccc(cn1)-c1ccc(-c2sc(-c3cccc4cocc34)c3[nH]ccc23)c2cocc12,2.6280901692174443
c1ccc(-c2cc3cc4oc5ccc6nsnc6c5c4cc3c3ccccc23)c2cocc12,5.539561798986516
[SiH2]1C=c2c3cc4C=C[SiH2]c4cc3c3c4c[nH]cc4c(cc3c2=C1)-c1ccccn1,1.464747748308772
c1ncc(s1)-c1cc2ccc3cc4ccc5=CCC=c5c4cc3c2[se]1,3.0240700145506523
[nH]1ccc2oc(cc12)-c1cc2occc2c2cscc12,1.5540413849923471
c1cnc(s1)-c1ccc(o1)-c1sc(-c2ccc[se]2)c2c1c1ccccc1c1ccccc21,3.7945782673780193
c1ccc(s1)-c1cc2c3nsnc3c3cc4ccc5=CCC=c5c4cc3c2o1,3.546076025562201
c1cc2[se]c3c(c4c[nH]cc4c4cc(-c5cccc6=CCC=c56)c5nsnc5c34)c2cn1,5.01148767451242
c1cc2cnc3cc4cc(-c5ccccc5)c5c[nH]cc5c4cc3c2[se]1,1.5688939007834428
c1cnc(s1)-c1cc2c(cn1)c1[se]c3ccc4=CCC=c4c3c1c1=CCC=c21,3.5668570642299766
c1cnc(-c2cc3c(cn2)c2oc4ccc5nsnc5c4c2c2ccccc32)c2nsnc12,9.43470937032042
c1cc2ccc3c(c4cscc4c4cc(-c5scc6cc[nH]c56)c5c[nH]cc5c34)c2s1,1.304616919356551
c1cnc2c(ccc3c2ncc2cc(-c4ncncn4)c4cocc4c32)c1,6.388271337362248
[nH]1c2cc(ccc2c2c3nsnc3c3cc[se]c3c12)-c1cccnc1,3.975941525245792
c1Cc(cc1)-c1[SiH2]c(cc1)-c1sc(-c2scc3ccoc23)c2ccCc12,2.2038052857119403
c1ccc(o1)-c1Cc(cc1)-c1sc(c2[SiH2]ccc12)-c1cccc2cscc12,2.7683809255821914
[nH]1c2C=CCc2c2c3c[nH]cc3c3cc(cnc3c12)-c1scc2ccsc12,1.1443378141872187
c1ccc(s1)-c1ccc(cn1)-c1sc(-c2cncs2)c2ccsc12,5.149305931289045
[nH]1c(ccc1-c1nccc2nsnc12)-c1Cc(cc1)-c1ccccn1,7.431890702587306
c1ccc(o1)-c1sc(-c2cnc(-c3cccc4cscc34)c3nsnc23)c2[nH]ccc12,6.23704407563055
[nH]1c2cc(-c3scc4sccc34)c3cscc3c2c2c1c1[se]ccc1c1=C[SiH2]C=c21,2.773445164748775
c1sc(-c2ccc(o2)-c2ccc(cc2)-c2cccc3ccccc23)c2occc12,1.6868080768749592
[SiH2]1C=Cc2sc3c(ccc4cc(-c5nccc6nsnc56)c5cscc5c34)c12,7.867750906360047
C1C=CC=C1c1cc2cnc3c4cnccc4cnc3c2c2cscc12,4.130163731147239
c1sc(C2=Cc3ncc4c(c3[SiH2]2)c2ccccc2c2ccc3cocc3c42)c2cc[se]c12,0.0
c1ccc(cn1)-c1ccc2c(c1)c1nsnc1c1ccc3nsnc3c21,7.737094913418459
c1cc2c3nsnc3c3c(ccc4cc(-c5cccc6cscc56)c5ccccc5c34)c2o1,3.7200719574057297
c1ccc(cc1)-c1cnc(s1)-c1ccc(-c2ccccn2)c2cCcc12,3.97532026217425
c1cc2c3cscc3c3c4cnc(cc4sc3c2c2cscc12)-c1cccc2=C[SiH2]C=c12,4.055796132998653
[nH]1ccc2sc3c4ncc(cc4oc3c12)-c1scc2[nH]ccc12,1.6307446399158303
c1ccc(nc1)-c1cc2cc3ccc4ccc5c[nH]cc5c4c3cc2c2=CCC=c12,1.3246098522439225
c1cnc(s1)-c1cc2c3cocc3c3c4cnccc4oc3c2c2cocc12,4.501307766794832
[nH]1c2cc([se]c2c2cc3c(ccc4=CCC=c34)cc12)-c1scc2sccc12,2.6497060382525635
[nH]1c2C=C([SiH2]c2c2cc3ncccc3cc12)C1=CC=C[SiH2]1,2.731117264162044
c1ccc([se]1)-c1Cc(cc1)-c1cccc2ccccc12,1.8032649167103545
c1sc(-c2ccc([se]2)-c2sc(-c3cccc4cscc34)c3ccoc23)c2cc[SiH2]c12,3.769501853785728
[nH]1c2cc(-c3scc4ccsc34)c3c[nH]cc3c2c2c3cocc3c3ccsc3c12,1.2014119312475902
c1ccc(cc1)-c1cc2c3c[nH]cc3c3c(cnc4ccc5cscc5c34)c2cn1,1.8979238808704584
[nH]-1cc-c2c-1c1Cc3ccc4nsnc4c3-c1c1ccccc21,4.189605194960668
c1sc(-c2sc(-c3sc(-c4cccc5nsnc45)c4nccnc34)c3cc[nH]c23)c2ccoc12,6.14088591623169
c1ncc(s1)-c1cc2ncc3c([se]c4ccc5=C[SiH2]C=c5c34)c2cn1,6.386755853807824
c1sc(-c2cc3sc4cc5ccc6cscc6c5cc4c3[se]2)c2cc[nH]c12,2.586522330490052
c1cc2c3c[nH]cc3c3c4sc(cc4c4ccccc4c3c2o1)-c1scc2nccnc12,6.086981302653083
c1cnc(s1)-c1cc2c3ccccc3c3c4c5cocc5ccc4c4c[nH]cc4c3c2cn1,2.326710674526556
c1sc(c2C=C[SiH2]c12)-c1cnc2c(c1)[se]c1c2c2cocc2c2cccnc12,2.635615713336603
c1Cc(cc1)-c1ccc(-c2ccc(-c3ccccn3)c3cocc23)c2cCcc12,2.078310745169439
c1cc2ncc3c4sc(cc4c4cscc4c3c2s1)-c1nccc2nsnc12,8.810997237970687
[nH]1c(cc2c3nsnc3c3cc4C=CCc4cc3c12)-c1scc2sccc12,2.804111632981497
c1cc2c3cocc3c3c(sc4cc(-c5cccnc5)c5nsnc5c34)c2o1,6.152911645793992
c1ccc(nc1)-c1ccc2c(c1)ncc1c2ccc2ccc3cocc3c12,1.594503229362024
[nH]1c(ccc1-c1cccc2nsnc12)-c1sc(-c2cccc3ccccc23)c2cc[se]c12,5.247891929294516
c1sc(c2C=CCc12)-c1ccc2c(c1)c1nsnc1c1c3ncccc3c3=C[SiH2]C=c3c21,5.100165085201971
c1sc(-c2ccc(o2)-c2ccc(-c3cccc4cscc34)c3cCcc23)c2Cccc12,2.4657271627533017
C1C=c2c3cc(cnc3c3c(c4c5cocc5ccc4c4=CCC=c34)c2=C1)C1=CC=CC1,1.9529303212167968
c1cc2cc3sc4cc([se]c4c3cc2cn1)-c1cccc2=C[SiH2]C=c12,5.833599049181927
[nH]1cccc1-c1sc(-c2sc(-c3cncc4nsnc34)c3[se]ccc23)c2cc[SiH2]c12,7.954485066569141
c1Cc(cc1)-c1ncc(s1)-c1ccc(-c2scc3cc[se]c23)c2cocc12,4.351619527456221
c1sc(c2C=CCc12)-c1cc2c3nsnc3c3c4cnccc4sc3c2cn1,5.796738446991095
c1ccc(cn1)-c1cnc(-c2ncc(-c3cccnc3)c3nsnc23)c2nsnc12,0.0
[nH]-1cc-c2ncc-3c(-[o]c4ccc5c[SiH2]cc5c-34)c-12,3.751920215777321
C1C=CC=C1c1cc2oc3c(c2c2cocc12)c1ccccc1c1ccncc31,2.1265932547592143
c1cc2cc3c(cc2cn1)c1ccc(cc1c1=CCC=c31)-c1cccc2=CCC=c12,2.0455032170433727
c1ccc(nc1)-c1cnc(-c2ccc(-c3cccc4nsnc34)c3cscc23)c2nsnc12,8.904995063181216
c1cc2sc3c(sc4cc(-c5scc6C=C[SiH2]c56)c5nsnc5c34)c2o1,6.36617213403867
c1sc(c2Cccc12)-c1sc(c2Cccc12)-c1ccc(cc1)-c1cccc2cocc12,1.9435999559791857
c1cc2oc3c(c4cocc4c4cc(-c5ncncn5)c5=C[SiH2]C=c5c34)c2c2cocc12,6.94756274327135
c1sc(-c2cc3sc4c([se]c5ccc6cocc6c45)c3s2)c2C=CCc12,5.054730901940573
[nH]1c(cc2c3c[nH]cc3c3c4CC=Cc4c4nsnc4c3c12)-c1scc2[se]ccc12,0.0
C1C=c2c3C=CCc3c3c4cscc4c4cc(cnc4c3c2=C1)-c1cccs1,2.5291184475251165
c1ccc(o1)-c1sc(-c2sc(-c3ccc[se]3)c3ccoc23)c2cc[SiH2]c12,3.4316440091838305
c1cc2c3cscc3c3c4cnc(cc4c4=C[SiH2]C=c4c3c2cn1)-c1cncc2nsnc12,9.921585761976957
c1cc2c3cscc3c3c4[se]c(cc4c4=C[SiH2]C=c4c3c2s1)-c1nccc2nsnc12,8.911507023261422
[nH]1c2cc(-c3scc4sccc34)c3cscc3c2c2ncc3ccoc3c12,2.729725367215979
c1cc2cnc3c4[se]c(cc4c4c[nH]cc4c3c2c2cocc12)-c1cncc2nsnc12,8.262344605386145
[SiH2]1C=CC=C1c1cc2cnc3c4[SiH2]C=Cc4oc3c2c2ccccc12,1.9700622206785257
C1C=c2cccc(-c3cnc4c(c3)oc3c5[SiH2]C=Cc5c5cocc5c43)c2=C1,2.820517777971486
[nH]1c2ccc3cscc3c2c2c1cc(-c1cccc3cocc13)c1cscc21,1.657842711695539
[nH]1c-2c([SiH2]c3cc(-c4ccco4)c4ccccc4c-23)c2ncccc12,2.178062515331259
c1cc2ncc3c(c2o1)c1=CCC=c1c1cc(-c2cccc4c[nH]cc24)c2=CCC=c2c31,1.3075577459804704
c1cc2c3nsnc3c3c4c5cocc5c(cc4c4=CCC=c4c3c2o1)-c1cncs1,5.677071523583349
c1ccc(s1)-c1sc(-c2sc(-c3scc4occc34)c3cc[nH]c23)c2occc12,2.904387604398034
C1C(=Cc2oc3c4[SiH2]C=Cc4c4=C[SiH2]C=c4c3c12)c1scc2[nH]ccc12,0.3059350351414081
[nH]1ccc2[se]c3c(c4cscc4c4cc(-c5scc6sccc56)c5nsnc5c34)c12,6.726528143555399
c1Cc2c(-c1)c1c[nH]cc1c1c2ncc2ccc3c[SiH2]cc3c12,1.2656598182597585
[nH]1ccc2c3cscc3c3c4sc(cc4[nH]c3c12)-c1ccc[se]1,1.3590249714358245
c1cc2cnc3c(ccc4cc(-c5cccc6=CCC=c56)c5cscc5c34)c2[se]1,2.414914823698006
c1ccc(cc1)-c1sc(c2Cccc12)-c1ccc(-c2cccc3nsnc23)c2cscc12,5.556872825898381
[nH]1ccc2Cc3c(-c12)c1c[nH]cc1c1cc(-c2scc4cc[se]c24)c2nsnc2c31,2.3392970280721554
c1ccc(cc1)-c1cnc2c(ccc3ccc4=CCC=c4c23)c1,2.066907058165454
c1sc(-c2cc3cc4ccc5ccc6=CCC=c6c5c4cc3c3=C[SiH2]C=c23)c2occc12,2.813579362473705
c1sc(-c2sc(-c3ccc(s3)-c3cccc4c[nH]cc34)c3nccnc23)c2ccsc12,5.750524566871697
c1sc(-c2sc(-c3ccc(cc3)-c3scc4sccc34)c3cc[SiH2]c23)c2nccnc12,5.418980099477422
[nH]1ccc2[nH]c3c(ncc4cc(-c5ccccc5)c5nsnc5c34)c12,4.236353017858206
[nH]1c(cc2c3cocc3c3cc4ccc5=CCC=c5c4cc3c12)-c1scc2sccc12,2.0451614367551376
c1cc2cc3cnc4cc(-c5scc6[SiH2]C=Cc56)c5cscc5c4c3cc2[se]1,0.0
c1ccc(-c2cc3c(s2)c2oc4ccc5=C[SiH2]C=c5c4c2c2ccccc32)c2cocc12,3.6391269136117774
c1sc(-c2[SiH2]c(cc2)-c2sc(-c3scc4ccsc34)c3[se]ccc23)c2[SiH2]ccc12,4.200066272175516
c1ccc([se]1)-c1ccc(-c2sc(-c3cccnc3)c3cc[se]c23)c2cCcc12,4.222049717392072
c1ccc(-c2cnc3c(c2)c2c[nH]cc2c2c3ccc3ccc4cocc4c23)c2c[nH]cc12,0.8495033712818195
c1cnc(s1)-c1cc2c3cscc3c3c4sccc4c4nsnc4c3c2c2ccccc12,5.639596275505223
[nH]1c2cc(C3=CC=C[SiH2]3)c3=CCC=c3c2c2cnc3ccc4ccccc4c3c12,1.99803317952852
c1ccc(cn1)-c1ccc(s1)-c1Cc(cc1)-c1cccc2nsnc12,6.060186847877008
c1[SiH2]c(cc1)-c1ccc(-c2ccc(s2)-c2ncncn2)c2ccccc12,4.154962885866967
[nH]1ccc2c1c1c3cscc3c3C=C(Cc3c1c1=CCC=c21)c1scc2C=CCc12,1.4259205512404645
c1ccc(o1)-c1cnc2c(c1)[se]c1c2[se]c2ccc3nsnc3c12,6.074296203026877
[nH]1cccc1-c1sc(-c2Cc(cc2)-c2cncc3nsnc23)c2cc[nH]c12,4.133532534138862
c1c-c2c(-[s]1)c1[o]-c3cc[se]c3-c1c1ccccc21,1.1669195684047784
c1ccc(C2=Cc3oc4c(c3[SiH2]2)c2cocc2c2ccc3cocc3c42)c2cocc12,2.8373259619382805
c1sc(-c2cc3c(o2)c2c4nsnc4c4ccccc4c2c2=C[SiH2]C=c32)c2cc[nH]c12,0.912382032571482
c1ccc(s1)-c1cc2[se]c3c(c4cocc4c4ccc5c[nH]cc5c34)c2c2nsnc12,4.920163089372858
c1cc2cnc(cc2cn1)-c1cc2c(ccc3=C[SiH2]C=c23)[se]1,4.8603693868152575
c1ccc(-c2cc3[se]c4cc5ccc6ccccc6c5cc4c3s2)c2cocc12,2.8414911898863617
[SiH2]1C=Cc2oc3c(ccc4cc([se]c34)-c3scc4cc[se]c34)c12,2.4359598215564136
c1ncc(s1)-c1ccc2c(c1)sc1c2cnc2ccc3c[nH]cc3c12,2.187758096964531
c1ccc(s1)-c1ccc(-c2ccc(-c3scc4ccCc34)c3cscc23)c2nsnc12,6.097474924834217
c1sc(-c2cnc(s2)-c2sc(c3Cccc23)-c2ccccc2)c2cc[se]c12,4.929241484832222
c1ncc(s1)-c1cc2cnc3c4ccccc4cnc3c2c2cscc12,3.8287643120611095
[nH]1c(ccc1-c1ccco1)-c1Cc(cc1)-c1scc2cc[se]c12,1.7565587308284696
[nH]1ccc2c3cocc3c3c4[SiH2]C(=Cc4oc3c12)c1ccccn1,1.9767389884033328
[nH]1c(ccc1-c1scc2sccc12)-c1sc(c2[SiH2]ccc12)-c1scc2occc12,2.7880680714288792
c1sc(-c2ncc(-c3ccc([se]3)-c3ncncn3)c3nsnc23)c2cc[SiH2]c12,0.0
c1cc2c3c[nH]cc3c3c4cnc(cc4cnc3c2s1)-c1scc2occc12,2.44079258588797
c1cc2cc3[se]c4cc(-c5cncs5)c5nsnc5c4c3cc2[se]1,7.952840510044674
c1sc(-c2cc3c4cscc4c4c(cnc5ccc6=CCC=c6c45)c3o2)c2[nH]ccc12,2.32114917967001
c1ncc(s1)-c1cc2c3c[nH]cc3c3c4cnccc4c4cscc4c3c2s1,3.237923506928216
c1ccc(nc1)C1=Cc2cnc3cc4ccc5cocc5c4cc3c2[SiH2]1,3.8937182440264375
c1ncc(s1)-c1sc(-c2sc(-c3ccccc3)c3cc[nH]c23)c2nccnc12,7.322275850529266
c1cnc2cc3c(cc2c1)oc1cc(ccc31)-c1cccc2=C[SiH2]C=c12,4.0674301740157945
c1ccc(-c2cc3[se]c4c(sc5ccc6cscc6c45)c3c3c[nH]cc23)c2c[nH]cc12,1.6069071690838108
c1c-c2c(-nc1)c1[SiH2]c3ccccc3-c1c1c[SiH2]cc21,3.719368534197813
C1C=Cc2c1c1ccc3cc(oc3c1c1=C[SiH2]C=c21)-c1cccc2=C[SiH2]C=c12,3.33458627792915
c1cnc(s1)-c1ccc(o1)-c1[SiH2]c(cc1)-c1scc2ccoc12,4.195696589664584
c1cc2oc3c(ccc4cc(-c5cccc6=CCC=c56)c5cscc5c34)c2c2nsnc12,5.146523005477709
c1sc(C2=Cc3oc4c(ncc5ccc6nsnc6c45)c3C2)c2[se]ccc12,5.711605292912798
[nH]1c2cc(cnc2c2oc3ccc4ccccc4c3c12)-c1scc2ccoc12,1.998811312075671
[nH]1cccc1-c1ccc(-c2cnc(-c3scc4ccoc34)c3nsnc23)c2cCcc12,5.054127936078922
C1C=Cc2c1c1ccc3cc(sc3c1c1cscc21)-c1cccc2=C[SiH2]C=c12,4.116327842885876
c1sc(-c2[SiH2]c(cc2)-c2ccc([se]2)-c2scc3[SiH2]ccc23)c2ccCc12,3.267478639801226
[nH]1c2cc(sc2c2ccc3ccc4ccccc4c3c12)-c1cccc2c[nH]cc12,0.1232926857832179
[nH]1ccc2ncc3c4cnc(cc4[se]c3c12)-c1scc2occc12,2.4425332906477504
c1cnc(s1)-c1cc2c(c3cscc13)c1cc3ncccc3cc1c1=C[SiH2]C=c21,4.721477836559806
[nH]1c2cc(-c3cccc4nsnc34)c3=CCC=c3c2c2[se]c3ccsc3c12,4.480305115997758
c1sc(C2=Cc3ccc4c5ncccc5c5ccccc5c4c3C2)c2C=CCc12,1.8878978424072883
[nH]1cccc1-c1ccc([nH]1)-c1ncc(s1)-c1scc2cc[se]c12,2.7920608451203224
c1cnc(-c2cnc3c(ccc4c3cnc3ccc5nsnc5c43)c2)c2nsnc12,10.615776409484894
c1cnc(s1)-c1cc2c(c3cscc13)c1c3ccccc3c3cc[se]c3c1c1=CCC=c21,3.4403737097886253
[nH]1c2cc(-c3scc4cc[nH]c34)c3cocc3c2c2sc3ccsc3c12,1.5853694302063135
c1sc(-c2cnc3c(c2)c2nsnc2c2c3cnc3ccc4c[nH]cc4c23)c2ccoc12,0.0
c1sc(-c2cc3cc4c5nsnc5ccc4cc3[se]2)c2occc12,3.943555530765096
c1ccc(cc1)C1=Cc2cnc3c(ncc4ccc5=CCC=c5c34)c2[SiH2]1,3.406416492864306
c1cc2cc3ccc4cc(-c5cccs5)c5=C[SiH2]C=c5c4c3cc2o1,0.5952780107787963
c1sc(-c2cc3c4cscc4c4c(sc5ccc6cocc6c45)c3[se]2)c2nccnc12,8.955441470160094
c1cnc(s1)-c1cc2ncc3c4ccccc4c4cocc4c3c2[se]1,3.3733683382881563
c1ccc(o1)-c1ccc(nc1)-c1sc(-c2scc3ccsc23)c2cc[nH]c12,2.695679939814688
c1cc2c([se]1)c1cnc3cc(-c4cccnc4)c4=CCC=c4c3c1c1ccccc21,2.8638402041841866
c1cnc(s1)-c1cc2c3cscc3c3c(ccc4ccc5c[nH]cc5c34)c2c2cscc12,0.0
c1ccc(s1)-c1ccc2c(c1)c1=C[SiH2]C=c1c1c3[se]ccc3c3cscc3c21,3.901872180874944
c1cc2sc3c(c2o1)c1=C[SiH2]C=c1c1cc(ccc31)-c1scc2CC=Cc12,3.1968635004503323
c1sc(c2[SiH2]C=Cc12)-c1cnc2cc3ccc4cocc4c3cc2c1,2.4426158846573447
c1sc(c2[SiH2]C=Cc12)-c1cc2cc3cc4c5cocc5ccc4cc3cc2cn1,4.157662592867517
[nH]1c2ccc3cscc3c2c2[se]c3cc(-c4cccnc4)c4cscc4c3c12,2.981822576784141
[nH]1ccc2[nH]c3c(c12)c1ccccc1c1cc(-c2scc4C=C[SiH2]c24)c2ccccc2c31,1.110810516886085
[SiH2]1C=CC=C1c1ccc2c(ccc3c4[se]ccc4cnc23)c1,1.9129683772652144
c1cc2c3c[nH]cc3c3c(ncc4cc(-c5cccc6=C[SiH2]C=c56)c5nsnc5c34)c2cn1,5.3473779107593575
c1ccc(o1)-c1cc2cc3sc4ccc5ccccc5c4c3cc2c2cscc12,2.338103673150444
[nH]1c2C=C[SiH2]c2c2ncc3cc(-c4scc5cc[nH]c45)c4c[nH]cc4c3c12,0.7999345450223813
c1sc(-c2ncc(s2)-c2ccc(-c3cccc4cCcc34)c3nsnc23)c2ccoc12,6.47104200858604
[nH]1c(ccc1-c1sc(-c2nccc3nsnc23)c2[nH]ccc12)-c1scc2occc12,5.455835793673581
[nH]1ccc2oc3c(c4c[nH]cc4c4cc(ccc34)-c3cccc4ccccc34)c12,0.579795044553072
c1cc2ccc3c(c4nsnc4c4cc(-c5ncncn5)c5cscc5c34)c2o1,6.414462222840774
c1sc(-c2cc3c4cscc4c4c5ccccc5c5cocc5c4c3s2)c2[nH]ccc12,2.6710436302477296
[nH]1c2cc(-c3ncncn3)c3nsnc3c2c2oc3ccc4nsnc4c3c12,7.915440717246963
c1sc(-c2sc(-c3Cc(cc3)-c3scc4occc34)c3nccnc23)c2cc[nH]c12,3.24377620183928
c1ccc(cc1)-c1cc2c(c3cscc13)c1cnc3ccncc3c1c1=C[SiH2]C=c21,5.805604743301123
[SiH2]1C=Cc2c1c1ccc(cc1c1ccccc21)-c1scc2nccnc12,6.179391931333998
c1ccc(nc1)-c1cnc2c(cnc3c4ccccc4c4c[nH]cc4c23)c1,2.0909329713174434
[nH]1cccc1-c1cc2oc3cc4ccc5nsnc5c4cc3c2s1,3.906642229141324
c1cc2sc3c(ncc4cc(-c5cccc6c[nH]cc56)c5cocc5c34)c2[se]1,2.0729378456663623
c1ccc2c(c1)[se]c1c3[se]c(cc3c3ccccc3c21)-c1cncc2nsnc12,9.93314343644548
C1C=Cc2csc(C3=Cc4oc5c6CC=Cc6ncc5c4C3)c12,2.059697844557705
c1ncc(s1)-c1cc2ccc3c(ncc4ccc5cscc5c34)c2c2cocc12,3.2537168849417992
c1sc(c2C=C[SiH2]c12)-c1cc2c3cscc3c3cc4ccncc4cc3c2c2nsnc12,6.621455193819857
c1cc2c(cn1)c1oc3C=C(Cc3c1c1=C[SiH2]C=c21)c1cccc2nsnc12,4.803583111251111
[nH]1c2C=C(Cc2c2c3nsnc3c3ccccc3c12)c1cccc2nsnc12,5.401907836892231
c1cc2ccc3c(cnc4cc(-c5scc6[nH]ccc56)c5cscc5c34)c2o1,2.1673287318744734
c1ccc(nc1)-c1cc2c(c3ccccc13)c1ncc3cccnc3c1c1=CCC=c21,3.1293770445907283
c1sc(-c2cc3cc4[se]c5ccc6cscc6c5c4cc3c3=C[SiH2]C=c23)c2[nH]ccc12,0.0
[nH]1c(ccc1-c1scc2sccc12)-c1sc(-c2scc3nccnc23)c2ccCc12,5.90532210609265
C1C=Cc2oc3c4cnc(cc4oc3c12)-c1cccnc1,1.7342357763210483
c1cc2sc3c4ccc(cc4sc3c2s1)-c1scc2CC=Cc12,1.994292841669396
[nH]1c(cc2[se]c3c([se]c4ccc5=C[SiH2]C=c5c34)c12)-c1cccc2ccccc12,3.6140899562027817
C1C=Cc2csc(c12)-c1cc2cc3c4c[nH]cc4c4C=CCc4c3cc2c2ccccc12,0.7454802365099924
[nH]1ccc2[SiH2]c(cc12)-c1cc2c(ccc3ccccc23)c2cscc12,1.595363027421759
[SiH2]1C=CC=C1c1cc2ncc3cc4cccnc4cc3c2[se]1,4.493740669478838
c1ccc(cn1)-c1cc2cnc3ccncc3c2s1,2.919516690198018
[SiH2]1C=c2c3cc([se]c3c3c4cocc4c4ccc5nsnc5c4c3c2=C1)C1=CC=C[SiH2]1,4.581894112463078
c1sc(-c2sc(-c3Cc(cc3)-c3ncncn3)c3cc[nH]c23)c2sccc12,5.435470439964653
c1ccc(s1)-c1ccc(cc1)-c1ccc(-c2scc3Cccc23)c2ccccc12,1.327552998313835
c1sc(C2=Cc3ccc4cc5cccnc5cc4c3C2)c2nccnc12,6.822739786826085
[nH]1c2C=C([SiH2]c2c2Cc3ccc4c[nH]cc4c3-c12)c1nccc2nsnc12,2.5681276933363706
[nH]1ccc2c1cc(-c1cc3ccccc3s1)c1c[SiH2]cc21,2.145683600932377
c1sc(-c2cc3c4cocc4c4c5ccccc5sc4c3c3=C[SiH2]C=c23)c2occc12,4.364369442820899
[nH]1c2cc(-c3nccc4nsnc34)c3cocc3c2c2cnc3ccc4cocc4c3c12,8.704943085971545
c1cc2c(s1)c1oc3cc(ncc3c1c1ccccc21)-c1cccc2cocc12,2.203589929032006
c1ccc(cn1)-c1cc2ccc3c4c5nsnc5ccc4c4ccccc4c3c2o1,4.560380550649687
c1sc(-c2sc(-c3Cc(cc3)-c3cccc4c[SiH2]cc34)c3[se]ccc23)c2cc[SiH2]c12,3.32672382741258
[SiH2]1C=Cc2cc3[se]c(cc3cc12)-c1cccnc1,1.7106409382317769
c1ccc(s1)-c1sc(-c2ccc(cc2)-c2scc3[SiH2]ccc23)c2cc[se]c12,2.94288288594102
C1C=Cc2cnc3c(c12)c1=C[SiH2]C=c1c1cc(-c2ccccc2)c2cscc2c31,3.4707793173360506
c1cc2c(s1)c1c3ccccc3c3cc(ncc3c1c1=C[SiH2]C=c21)-c1scc2ccsc12,4.170143963933319
c1cc2c(o1)c1cc3c(cc(-c4cccnc4)c4=CCC=c34)cc1c1=CCC=c21,1.9716032665489367
c1cc2c3cscc3c3c4sc(cc4ncc3c2cn1)-c1cccc2c[nH]cc12,3.114259989317114
[nH]1c(cc2cnc3c4cnccc4sc3c12)-c1nccs1,3.065656793587122
c1ccc(-c2ccc(-c3ccc(-c4ncncn4)c4cocc34)c3c[nH]cc23)c2cscc12,4.153787950177259
c1cc2ncc3cc(-c4cccc5ccccc45)c4cocc4c3c2c2cocc12,1.7121923240437034
c1sc(-c2sc(-c3sc(c4[SiH2]ccc34)-c3ccccc3)c3cc[se]c23)c2[nH]ccc12,2.807139320790808
c1cnc2c(ccc3c4ccc(cc4c4ccccc4c23)-c2cccc3c[nH]cc23)c1,1.5997588865643717
[nH]1c(cc2[SiH2]c3c(-c12)c1nsnc1c1ccsc31)-c1nccs1,6.063164872658292
[nH]1ccc2oc3c(sc4cc(C5=CC=CC5)c5cocc5c34)c12,1.7783658910682771
c1cc2ccc3c(oc4cc(sc34)-c3cccc4cocc34)c2[se]1,2.526103942364861
c1ccc(-c2sc(-c3ccc(cn3)-c3nccc4nsnc34)c3[nH]ccc23)c2c[SiH2]cc12,6.287973871487691
c1sc(-c2cc3c4nsnc4c4c5cnccc5sc4c3c3cocc23)c2ccoc12,7.011402636586361
[nH]1ccc2cc3oc4cc(oc4c3cc12)-c1scc2cc[se]c12,1.8893793531702576
c1cc2cc3[se]c4cc(-c5scc6CC=Cc56)c5cscc5c4c3cc2[se]1,3.0689221858135003
c1sc(C2=Cc3c(C2)c2c4c[nH]cc4c4cccnc4c2c2cocc32)c2sccc12,2.038010188060417
[nH]1cccc1-c1cc2ccc3c(c4cscc4c4ccc5nsnc5c34)c2s1,5.401656715513998
c1ccc(cc1)-c1cc2sc3c(c2s1)c1ccccc1c1ccc2cocc2c31,2.3735906622675964
c1ccc(-c2sc(-c3ncc(s3)-c3cccc4c[SiH2]cc34)c3nccnc23)c2cCcc12,6.452194429674027
c1cnc(s1)-c1cc2cc3ccc4ccncc4c3cc2c2nsnc12,6.068077058049475
c1sc(-c2ccc(-c3cnc(s3)-c3scc4occc34)c3ccccc23)c2[nH]ccc12,3.635024340275528
c1sc(-c2cc3cc4ncc5ccncc5c4cc3c3nsnc23)c2occc12,5.5893920150777054
[nH]1c2cc([se]c2c2ncc3C=C[SiH2]c3c12)-c1scc2occc12,3.133230645360277
[nH]1c(ccc1-c1ccc(-c2scc3ccoc23)c2cscc12)-c1cccc2c[SiH2]cc12,3.160511957757089
c1cnc2c(c1)[se]c1c2ncc2cc(-c3cccc4=C[SiH2]C=c34)c3nsnc3c12,7.447159611763681
C1C=CC=C1c1cc2[se]c3c4[SiH2]C=Cc4c4cocc4c3c2c2nsnc12,0.0
c1cnc2c(c1)oc1c2ccc2cc(-c3cccc4ccccc34)c3ccccc3c12,1.121719828889902
c1cnc2c(ccc3c2c2nsnc2c2ccc4ccccc4c32)c1,4.2229085634856816
c1cnc(s1)-c1cc2c3cscc3c3c4ncccc4c4nsnc4c3c2c2c[nH]cc12,5.017008378229603
[nH]1c(cc2sc3c([se]c4ccc5=CCC=c5c34)c12)C1=CC=C[SiH2]1,2.2201461769660886
c1cc2c3cocc3c3c4[se]c(cc4ncc3c2s1)-c1scc2CC=Cc12,4.493274834035487
c1Cc(cc1)-c1cnc(s1)-c1sc(-c2scc3ccsc23)c2[nH]ccc12,3.289157367215574
[nH]1c2cc(-c3scc4cc[nH]c34)c3ccccc3c2c2ncc3ccc4=CCC=c4c3c12,2.2498995130966435
c1cc2cc3oc4C=C(Cc4c3cc2s1)c1scc2cc[nH]c12,2.006082550457403
c1cc2c3nsnc3c3cc(-c4scc5ccoc45)c4=CCC=c4c3c2s1,5.099620573097558
c1sc(-c2cc3ccc4cc5cccnc5cc4c3c3cocc23)c2[nH]ccc12,3.005272255649732
[nH]1cccc1-c1cc2c3cocc3c3c4CC=Cc4c4cocc4c3c2s1,1.8359060614988405
c1sc(-c2cc3ncc4c(oc5ccc6ccccc6c45)c3o2)c2sccc12,2.5397403015740982
c1sc(C2=Cc3sc4c(c3C2)c2=C[SiH2]C=c2c2ccc3=C[SiH2]C=c3c42)c2nccnc12,5.308265887392345
c1cc2c3cscc3c3cc4cc(-c5cccc6=C[SiH2]C=c56)c5c[nH]cc5c4cc3c2s1,3.1490546972954747
c1ccc([se]1)-c1Cc(cc1)-c1Cc(cc1)-c1cccc2cscc12,2.6477412004959784
c1ccc(-c2cc3sc4c([se]c5ccc6=C[SiH2]C=c6c45)c3[se]2)c2=CCC=c12,4.404060248632114
C1C=Cc2ccc3c(ccc4cc(ccc34)-c3scc4nccnc34)c12,6.114025168103143
c1ccc(s1)-c1cc2oc3cc4ccc5=C[SiH2]C=c5c4cc3c2c2=CCC=c12,2.8331107644275906
c1cnc(s1)C1=Cc2c([SiH2]1)c1ncc3ccc4cscc4c3c1c1=CCC=c21,4.455380584833325
[nH]1c(cc2cnc3c(c4cocc4c4ccc5cscc5c34)c12)-c1scc2cc[nH]c12,1.9906633108927707
c1cc2[se]c3c(ccc4cc(-c5scc6occc56)c5c[nH]cc5c34)c2[se]1,2.2931929647221705
c1sc(-c2cc3c(c4c[nH]cc24)c2c4c[nH]cc4ccc2c2=C[SiH2]C=c32)c2cc[nH]c12,0.0
C1C=c2c3cc(sc3c3ccc4C=CCc4c3c2=C1)-c1scc2sccc12,2.6977267319023746
[nH]1ccc2c1c1ccc3cc(-c4cccc5nsnc45)c4c[nH]cc4c3c1c1ccccc21,0.0
c1ncc(s1)-c1sc(-c2sc(-c3cncc4nsnc34)c3sccc23)c2nccnc12,0.0
c1cnc(s1)-c1sc(-c2Cc(cc2)-c2scc3nccnc23)c2ccoc12,0.0
c1ccc(-c2cc3ncc4ccc5=CCC=c5c4c3[se]2)c2c[nH]cc12,1.5176691870848544
c1cc2cnc3c(ccc4cc(-c5ccccc5)c5=CCC=c5c34)c2o1,2.2403435926292534
C1C=Cc2csc(c12)-c1cc2cc3c4nsnc4c4C=C[SiH2]c4c3cc2c2cscc12,3.607137371661624
[nH]1ccc2c1c1[se]c3C=C([SiH2]c3c1c1=C[SiH2]C=c21)c1ccccc1,1.8181620866123185
[nH]1ccc2[SiH2]c3c(-c12)c1=CCC=c1c1cc(oc31)-c1ccccn1,1.362006893493887
[nH]1c(cc2[SiH2]c3c4[SiH2]C=Cc4sc3-c12)-c1cccc2=CCC=c12,0.9740937490975184
[nH]1c(cc2ccc3cc4ccc5cocc5c4cc3c12)-c1cccc2=CCC=c12,2.121722786549999
c1cnc(s1)-c1ccc(nc1)-c1ncc(-c2cccc3c[nH]cc23)c2nsnc12,7.571558214057749
[nH]1c-2c(Cc3ccc4nsnc4c-23)c2[se]c(cc12)-c1scc2sccc12,5.435818561860102
[nH]1c(ccc1-c1scc2sccc12)-c1cnc(s1)-c1Cccc1,3.283302013193641
c1ccc(-c2ccc(cc2)-c2sc(c3[SiH2]ccc23)-c2ncncn2)c2c[nH]cc12,3.985815901244327
[nH]1c2ccc3cocc3c2c2cnc3cc(cnc3c12)-c1nccs1,3.030345671512732
c1cc2ncc3c(c2s1)c1=CCC=c1c1cc(-c2scc4[nH]ccc24)c2=CCC=c2c31,1.735873901614421
c1ccc(-c2cc3ncc4c(c5cocc5c5ccc6=CCC=c6c45)c3s2)c2=CCC=c12,3.244470122403093
c1cc2c3nsnc3c3cc(-c4cccc5=C[SiH2]C=c45)c4c[nH]cc4c3c2s1,3.3188047774787086
c1cc2c3cscc3c3c4CC(=Cc4oc3c2c2cocc12)c1cncc2nsnc12,8.638635774296548
[nH]1c2cc(sc2c2[se]c3ccc4cocc4c3c12)-c1ccc[se]1,2.2834076114421924
[nH]1c(cc2sc3ccc4=C[SiH2]C=c4c3c12)-c1cccnc1,2.406316549946605
c1cnc(-c2cc3oc4c(c5cocc5c5ccc6nsnc6c45)c3cn2)c2nsnc12,7.980856859916504
c1cc2oc3c(c4cscc4c4cc(-c5cccnc5)c5c[nH]cc5c34)c2[se]1,1.955316438602445
[nH]1cccc1-c1sc(-c2ccc(-c3scc4ccoc34)c3c[SiH2]cc23)c2ccCc12,2.7681652660373146
c1ccc(cc1)-c1cc2c3c[nH]cc3c3ccncc3c2c2nsnc12,4.361240131919807
C1C(=Cc2cc3oc4ccoc4c3cc12)C1=CC=C[SiH2]1,2.299918859308141
c1cc2ncc3cc4C=C([SiH2]c4cc3c2s1)c1cncs1,2.965395760352556
C1C=CC=C1c1cc2cc3c4nsnc4c4cccnc4c3cc2cn1,4.170297162014093
[nH]1c2ccsc2c2cc3[se]c(cc3cc12)-c1scc2occc12,2.534048330483249
[SiH2]1C=Cc2c1c1[se]c3cc(ncc3c1c1cocc21)-c1cccc2nsnc12,0.0
[nH]1c(cc2c3c[nH]cc3c3c4[se]ccc4c4=C[SiH2]C=c4c3c12)-c1scc2[se]ccc12,0.0
c1sc(-c2cc3c(s2)c2oc4ccc5cscc5c4c2c2=C[SiH2]C=c32)c2ccsc12,4.267839086005576
c1[SiH2]c(cc1)-c1ccc(s1)-c1sc(-c2scc3cc[nH]c23)c2cc[se]c12,2.7546706291213416
[nH]1c2C=C(Cc2c2[SiH2]c3ccc4nsnc4c3-c12)c1scc2sccc12,4.15355614193767
[nH]1c(cc2[se]c3c4[SiH2]C=Cc4c4c[nH]cc4c3c12)-c1cccnc1,0.0
C1C=Cc2c1c1sc3cc(-c4cccs4)c4ccccc4c3c1c1nsnc21,4.878107734329121
c1sc(-c2cnc(s2)-c2sc(-c3ccccn3)c3sccc23)c2Cccc12,5.166860008286705
c1ccc(o1)C1=Cc2ncc3c(oc4cccnc34)c2[SiH2]1,2.9331368719269006
c1sc(-c2ccc3c(c2)sc2c3cnc3ccncc23)c2sccc12,2.884013104427408
[nH]1ccc2Cc(cc12)C1=Cc2ccccc2C1,0.6271532949245161
c1sc(-c2cc3c4nsnc4c4c(ncc5ccc6=C[SiH2]C=c6c45)c3o2)c2cc[se]c12,5.1115649030806365
[nH]1c(cc2[SiH2]c3c(oc4ccc5nsnc5c34)-c12)-c1ccc[se]1,3.880031321188176
c1cc2c3cocc3c3c(oc4cc(-c5scc6[se]ccc56)c5cocc5c34)c2[se]1,3.146671163254929
[nH]1cccc1-c1sc(-c2[SiH2]c(cc2)-c2scc3ccCc23)c2Cccc12,2.1169899292193635
c1cnc(s1)-c1cc2ccc3c4sccc4cnc3c2s1,2.347053938503461
c1Cc2c(c1)c1c[nH]cc1c1c2c2nsnc2c2ccc3cCcc3c12,1.4562115842883518
[nH]1ccc2c1c1sc3cc(-c4cncc5nsnc45)c4nsnc4c3c1c1ccccc21,8.978011640446333
c1cc2cnc3c(ncc4cc(-c5cncs5)c5nsnc5c34)c2s1,8.338301059072565
c1cc2c3cocc3c3c4sc(cc4c4nsnc4c3c2[se]1)-c1cccc2cscc12,6.280059470539323
[nH]1cccc1-c1cc2[se]c3c(oc4ccc5c[nH]cc5c34)c2[nH]1,0.3789572280959929
[SiH2]1C=CC=C1c1cc2c3nsnc3c3ccccc3c2c2cocc12,4.014211102480292
c1sc(-c2Cc(cc2)-c2ccc(o2)-c2scc3occc23)c2ccCc12,2.056357998119734
[nH]1cccc1C1=Cc2c(C1)c1c3nsnc3ccc1c1c[nH]cc21,2.0255898105662062
c1cc2sc3c(cnc4ccc5nsnc5c34)c2c2cscc12,5.187539970753734
c1ncc(s1)-c1sc(-c2cnc(-c3cccc4ccccc34)c3nsnc23)c2ccCc12,8.615819338059387
[nH]1ccc2c3cocc3c3c4cnc(cc4c4c[nH]cc4c3c12)-c1ncncn1,3.2842207903562795
[SiH2]1C=Cc2c1c1c3cscc3c3cc(cnc3c1c1nsnc21)-c1cccc2nsnc12,6.641614460825349
C1C=Cc2c1c1c3nsnc3c3cc(-c4ncncn4)c4=C[SiH2]C=c4c3c1c1cocc21,3.20619441199471
C1C=c2c(cc3c(c4cnc5C=CCc5c4c4=C[SiH2]C=c34)c2=C1)C1=CC=CC1,2.51746689376192
c1ccc(s1)-c1ccc(cc1)-c1sc(c2[SiH2]ccc12)-c1scc2ccCc12,1.8371018104436847
c1sc(C2=Cc3cc4c5cocc5c5ccccc5c4cc3[SiH2]2)c2nccnc12,6.064624524946715
[nH]1ccc2Cc3c(ncc4cc(oc34)-c3cccs3)-c12,1.5417871392265374
c1ccc(o1)-c1cc2cc3c(ccc4=CCC=c34)cc2c2cocc12,1.7668902665986446
[nH]1c2C=CCc2c2oc3cc(C4=CC=CC4)c4c[nH]cc4c3c12,0.0
c1cc2cc3c(cc2o1)c1c2c[nH]cc2c(cc1c1=CCC=c31)-c1ncncn1,3.1585428751303293
c1sc(-c2cc3ncc4cc5cccnc5cc4c3o2)c2[nH]ccc12,4.469639713573101
c1sc(-c2ccc(nc2)-c2cnc(-c3cccnc3)c3nsnc23)c2sccc12,9.92685948566623
C1C=Cc2csc(c12)-c1cnc2c(c1)[se]c1cc3C=C[SiH2]c3cc21,1.641956377479088
[nH]1c(cc2cnc3ccsc3c12)-c1scc2C=C[SiH2]c12,1.251538635363831
[nH]1c(cc2oc3c(c4cscc4c4ccc5=CCC=c5c34)c12)-c1scc2[SiH2]C=Cc12,2.025223003545252
c1sc(c2Cccc12)-c1ccc(-c2ccc(s2)-c2scc3cc[se]c23)c2c[nH]cc12,2.0479872491482363
c1sc(-c2cc3ccc4c5cnccc5c5nsnc5c4c3c3=C[SiH2]C=c23)c2cc[se]c12,5.1531685176781385
c1sc(-c2cnc(s2)-c2cnc(-c3cncc4nsnc34)c3nsnc23)c2ccCc12,0.0
c1ccc([se]1)-c1cc2[se]c3ccc4ccccc4c3c2c2ccccc12,2.018040690290948
[nH]1cccc1-c1sc(-c2sc(-c3scc4ccsc34)c3ccCc23)c2cc[nH]c12,0.9740159751247548
[nH]1ccc2c1c1c3nsnc3c(cc1c1=C[SiH2]C=c21)-c1scc2C=C[SiH2]c12,5.318099943935486
c1cnc2c(c1)c1=C[SiH2]C=c1c1c3[se]c(cc3c3nsnc3c21)-c1cccnc1,7.137282420823327
c1sc(c2[SiH2]ccc12)-c1ccc(-c2ccc(-c3ncncn3)c3cocc23)c2cCcc12,5.044675534948841
c1sc(-c2[SiH2]c(cc2)-c2ccc(o2)-c2cccc3nsnc23)c2ccsc12,5.825517351975854
[nH]1ccc2ccc3c(ncc4cc(-c5ccco5)c5=C[SiH2]C=c5c34)c12,3.5253819885793094
c1sc(-c2ccc(cc2)-c2sc(-c3cccc4nsnc34)c3sccc23)c2[nH]ccc12,5.537807150802029
c1ccc([se]1)-c1cnc(s1)-c1ncc(s1)-c1cccc2cocc12,5.440504958291919
[nH]1c(cc2c3nsnc3c3c(oc4ccc5c[nH]cc5c34)c12)-c1cccc2=CCC=c12,2.1507219344289443
c1sc(-c2cc3c4cocc4c4c(ccc5cccnc45)c3c3cocc23)c2[se]ccc12,3.150864604015419
[nH]1c2cccnc2c2ncc3cc(-c4cccc5nsnc45)c4c[nH]cc4c3c12,5.225399551157855
[nH]1c2C=C([SiH2]c2c2ccc3ccc4ccccc4c3c12)c1ccc[se]1,0.204864346233251
c1cc2c3cscc3c3c4ccc(cc4c4ccccc4c3c2s1)-c1cncc2nsnc12,8.69721279631173
[nH]1c2cccnc2c2c3c[nH]cc3c3cc(-c4cccc5nsnc45)c4cocc4c3c12,0.0
C1C=Cc2cc3c4cocc4c4cc(ncc4c3cc12)-c1ccccn1,1.599545154334278
c1ccc(s1)-c1sc(-c2sc(-c3cccc4cCcc34)c3cc[se]c23)c2ccsc12,3.9054851438166014
c1ccc2c3oc4cc(-c5cccnc5)c5cscc5c4c3c3c[nH]cc3c2c1,1.808384823016073
c1sc(-c2ccc(-c3cnc(s3)-c3scc4occc34)c3cocc23)c2cc[SiH2]c12,4.515379677933033
C1C=CC=C1c1cc2sc3c(c4cocc4c4ccc5cocc5c34)c2o1,2.3587648045237555
[nH]1c2cc(sc2c2ccccc12)-c1cccc2nsnc12,5.440625591853617
c1sc(c2Cccc12)-c1ccc(-c2cnc(-c3ccccc3)c3nsnc23)c2c[SiH2]cc12,6.701700181126703
c1ccc(-c2sc(-c3ccc(cn3)-c3cncc4nsnc34)c3nccnc23)c2cCcc12,8.577923166504764
c1sc(C2=Cc3c([SiH2]2)c2cnc4ccc5nsnc5c4c2c2nsnc32)c2[nH]ccc12,6.163559647209528
c1ccc(s1)-c1cc2[se]c3c(ncc4ccc5nsnc5c34)c2c2cocc12,7.050571411344888
[nH]1c(cc2[se]c3c(c4nsnc4c4ccc5=C[SiH2]C=c5c34)c12)C1=CC=CC1,5.557155335464295
[nH]1ccc2sc3c(c4c[nH]cc4c4cc(-c5nccc6nsnc56)c5cocc5c34)c12,5.364026062433977
c1sc(c2Cccc12)-c1sc(-c2[SiH2]c(cc2)-c2ncncn2)c2[se]ccc12,7.451676318443243
C1C=CC=C1C1=Cc2cnc3c4ccccc4c4cocc4c3c2C1,1.747544132658618
c1ccc(s1)-c1cc2cc3c4cscc4c4cccnc4c3cc2c2=CCC=c12,2.3528494832274136
[nH]1c2cc(-c3scc4sccc34)c3=C[SiH2]C=c3c2c2ccc3ccc4cscc4c3c12,3.2980250171859056
c1sc(-c2ccc(s2)-c2sc(-c3ccccn3)c3[nH]ccc23)c2[se]ccc12,3.075486062782696
c1ccc(cc1)-c1cc2oc3c(ccc4ccc5c[nH]cc5c34)c2c2=CCC=c12,1.2935189890030463
c1ccc(o1)-c1sc(-c2ccc(-c3cccc4c[nH]cc34)c3nsnc23)c2cc[se]c12,4.591981387586388
C1C=c2c3C=CCc3c3sc4cc(ccc4c3c2=C1)-c1scc2sccc12,2.6698044403700134
c1ccc(o1)-c1ccc(-c2ccc(-c3ccccc3)c3c[SiH2]cc23)c2ccccc12,3.404848615963608
[nH]1c(cc2c1c1c3cscc3c3cc[se]c3c1c1=CCC=c21)-c1scc2C=CCc12,0.0
[nH]1c2C=C([SiH2]c2c2c3cocc3c3ccsc3c12)c1cccc2cocc12,1.8641626345261568
c1ccc(s1)-c1sc(-c2sc(-c3cccc4c[SiH2]cc34)c3cc[se]c23)c2cc[se]c12,4.98050735773302
[nH]1c(cc2c3cscc3c3cc4ccc5=CCC=c5c4cc3c12)-c1scc2ccsc12,1.844066242903344
c1cnc(s1)-c1sc(-c2sc(-c3scc4occc34)c3occc23)c2nccnc12,9.158849512417335
c1ccc([se]1)-c1ncc(s1)-c1ccc(o1)-c1scc2nccnc12,7.807851129924947
c1sc(-c2ccc([se]2)-c2ccc(-c3scc4[se]ccc34)c3cscc23)c2cc[SiH2]c12,4.026874260167659
[nH]1c2cc(-c3cccc4cocc34)c3ccccc3c2c2c3cocc3c3ccoc3c12,1.0768373571679075
c1[SiH2]c(cc1)-c1ccc([se]1)-c1sc(-c2scc3ccsc23)c2[nH]ccc12,2.244884848136345
[nH]1c2cc(ccc2c2c3cscc3c3C=CCc3c12)-c1cccc2c[nH]cc12,0.9851725960131976
[SiH2]1C=CC=C1c1cnc2c(c1)c1c[nH]cc1c1c3c4c[nH]cc4ccc3c3nsnc3c21,0.0
c1ccc(s1)-c1cc2ccc3c4c5c[nH]cc5ccc4c4cscc4c3c2c2=CCC=c12,1.521856585522471
c1c-c2Cc3c(-c2-[s]1)c1cocc1c1ccc2cscc2c31,2.5022514825641378
c1cc2c3nsnc3c3c(c4nsnc4c4cc(-c5scc6[SiH2]C=Cc56)c5cscc5c34)c2o1,7.079751633659376
c1sc(-c2cc3c(s2)c2oc4ccc5=CCC=c5c4c2c2ccccc32)c2C=C[SiH2]c12,2.393746843084332
c1cc2c(o1)c1cnc3cc(oc3c1c1=C[SiH2]C=c21)-c1cccs1,4.2406999090912745
[nH]1c(cc2cnc3c4[se]ccc4c4ccccc4c3c12)-c1cccnc1,1.4495180504034844
c1cc2cnc3c(c2o1)c1=C[SiH2]C=c1c1cc(-c2scc4[SiH2]C=Cc24)c2=CCC=c2c31,2.903102485060671
[nH]1cccc1-c1sc(-c2ccc(-c3scc4ccoc34)c3nsnc23)c2ccoc12,4.873309994798898
c1cnc2cc(-c3cc4c5cocc5ccc4c4ccccc34)c3cscc3c2c1,1.9984515366366449
c1ccc(o1)-c1sc(-c2ccc(s2)-c2nccs2)c2occc12,4.432854305615038
[nH]1c(cc2CC=Cc12)-c1cc2ccccc2c2=CCC=c12,0.9653547879687844
c1cc2cc3c4nsnc4c4cc(oc4c3cc2s1)-c1cccc2cscc12,3.768220176093412
c1sc(-c2ccc(cn2)-c2sc(c3[SiH2]ccc23)-c2cccc3c[SiH2]cc23)c2occc12,4.054910162500593
[SiH2]1C=c2cccc(-c3ccc4c(c3)c3nsnc3c3c5[SiH2]C=Cc5c5cocc5c43)c2=C1,4.145808297282967
c1[SiH2]c(cc1)-c1ccc(-c2ccc(-c3ncncn3)c3c[nH]cc23)c2cocc12,3.63497513764756
[nH]1c2cc(oc2c2cc3[se]ccc3cc12)-c1cccc2cscc12,2.2736527699302824
c1sc(-c2sc(-c3sc(-c4scc5ccoc45)c4ccsc34)c3nccnc23)c2ccCc12,5.525868422129393
c1Cc(cc1)-c1ccc(-c2ccc(-c3scc4[SiH2]ccc34)c3nsnc23)c2nsnc12,6.4395677463678025
